asset_id,display_name,tx_hash,listing_id,listed_at,price_lovelace,listing_type
83c0ab67afc9148bd1571b7a14de1df03cd5624f5992d3b8ec84d6fb4164614e696e6a617a30313837,ADA Ninjaz - Aramar #0187,5fefd211725ae2bec86dd584a49e01d266a804777c4e5b9e7ba3ef75e43ba084#0,14792299,2023-01-07T03:43:40.031Z,390000000,SINGLE_ASSET
83c0ab67afc9148bd1571b7a14de1df03cd5624f5992d3b8ec84d6fb4164614e696e6a617a34353830,ADA Ninjaz - Aramar #4580,4e690807ba9ac5d2249d2c5a0b0f4cb7fc6abf8eebd28d330132c52ef54ce786#0,21177001,2023-01-07T02:30:48.499Z,230000000,SINGLE_ASSET
83c0ab67afc9148bd1571b7a14de1df03cd5624f5992d3b8ec84d6fb4164614e696e6a617a30323330,ADA Ninjaz - Aramar #0230,e1e496dd37cf2ddbb83af409835311dd4bcaa48bffb24adf3d092cbd6fe0d80f#0,21105702,2023-01-06T11:51:05.826Z,148000000,SINGLE_ASSET
83c0ab67afc9148bd1571b7a14de1df03cd5624f5992d3b8ec84d6fb4164614e696e6a617a32313131,ADA Ninjaz - Aramar #2111,cca030be9c07b1b49803a0a1b25b08d1be72ec5aaa78994ee40447c74235797c#0,21155602,2023-01-04T18:41:37.326Z,950000000,BUNDLE
83c0ab67afc9148bd1571b7a14de1df03cd5624f5992d3b8ec84d6fb4164614e696e6a617a38323633,ADA Ninjaz - Aramar #8263,0204498a98b463b67027be7967d41991341eaa54cf12397540969a248a60f841#0,21153753,2023-01-04T14:50:13.384Z,444000000,SINGLE_ASSET
83c0ab67afc9148bd1571b7a14de1df03cd5624f5992d3b8ec84d6fb4164614e696e6a617a33333439,ADA Ninjaz - Aramar #3349,9db17a6271b7429b21328d10c65ff631088676332103fcc770cbd0005e72dd2f#0,20821588,2023-01-04T14:47:02.359Z,200000000,SINGLE_ASSET
83c0ab67afc9148bd1571b7a14de1df03cd5624f5992d3b8ec84d6fb4164614e696e6a617a34353332,ADA Ninjaz - Aramar #4532,801b850ca1382c2bf16c4f7077f5cbe82c372e53377c5023d90f41656ee61c18#0,20821571,2023-01-04T14:46:19.490Z,200000000,SINGLE_ASSET
83c0ab67afc9148bd1571b7a14de1df03cd5624f5992d3b8ec84d6fb4164614e696e6a617a37343039,ADA Ninjaz - Aramar #7409,6af9e1c9c89037a3a6e7ae3caab1a40b26132b28d95d2f0bdce786a51da8587f#0,21100853,2023-01-04T12:46:25.519Z,1700000000,SINGLE_ASSET
83c0ab67afc9148bd1571b7a14de1df03cd5624f5992d3b8ec84d6fb4164614e696e6a617a33313836,ADA Ninjaz - Aramar #3186,573b4b10f38c1ba53ade44ad622e2cce6bd7b7766f9649c3a4422df0e95db142#0,21151310,2023-01-04T06:12:05.749Z,4000000000,SINGLE_ASSET
83c0ab67afc9148bd1571b7a14de1df03cd5624f5992d3b8ec84d6fb4164614e696e6a617a30353438,ADA Ninjaz - Aramar #0548,f10565c431bf0052875202adc93c869d0015db88a952f96c832d04c54ac85579#0,21151054,2023-01-04T05:06:54.007Z,200000000,SINGLE_ASSET
83c0ab67afc9148bd1571b7a14de1df03cd5624f5992d3b8ec84d6fb4164614e696e6a617a37323032,ADA Ninjaz - Aramar #7202,b3cb963fc5ae5b25ddfe8e2d5fe1eb513649b91878c00db9bea66e9c74073872#0,21151051,2023-01-04T05:06:35.748Z,165000000,SINGLE_ASSET
83c0ab67afc9148bd1571b7a14de1df03cd5624f5992d3b8ec84d6fb4164614e696e6a617a37353730,ADA Ninjaz - Aramar #7570,cf1860feb38c2ad74569e5da81df5facccb7595553c40c21fafb208310bca0e5#0,21150758,2023-01-04T04:09:47.000Z,240000000,SINGLE_ASSET
83c0ab67afc9148bd1571b7a14de1df03cd5624f5992d3b8ec84d6fb4164614e696e6a617a31303735,ADA Ninjaz - Aramar #1075,964856181c99013daa03b342f41efb5fd1c354cc5478b215c625b41ba27bed13#0,21150735,2023-01-04T04:08:51.000Z,275000000,SINGLE_ASSET
83c0ab67afc9148bd1571b7a14de1df03cd5624f5992d3b8ec84d6fb4164614e696e6a617a35383833,ADA Ninjaz - Aramar #5883,249aea698e372bed125f97c3e6f6f511b340a5f4e4b16947c83cf3e13356b98c#0,21150728,2023-01-04T04:06:34.000Z,140000000,SINGLE_ASSET
83c0ab67afc9148bd1571b7a14de1df03cd5624f5992d3b8ec84d6fb4164614e696e6a617a33303238,ADA Ninjaz - Aramar #3028,580937bcd6e9fedbaaf948e86db120d57a8853ffe0f1e8dff838843e96933b53#0,21150714,2023-01-04T04:05:23.000Z,140000000,SINGLE_ASSET
83c0ab67afc9148bd1571b7a14de1df03cd5624f5992d3b8ec84d6fb4164614e696e6a617a33393638,ADA Ninjaz - Aramar #3968,309e500b39d6b0a3f6815c8ad5d2aa510d5c708233e2b0d4a2685b139ded05a4#0,21150625,2023-01-04T03:46:34.000Z,175000000,SINGLE_ASSET
83c0ab67afc9148bd1571b7a14de1df03cd5624f5992d3b8ec84d6fb4164614e696e6a617a31343933,ADA Ninjaz - Aramar #1493,2d84fd4c3da52af19fb215ec8da4646003f1892d42618f3087e2d0b1dab8c832#0,20559288,2023-01-03T01:11:00.286Z,625000000,SINGLE_ASSET
83c0ab67afc9148bd1571b7a14de1df03cd5624f5992d3b8ec84d6fb4164614e696e6a617a37343330,ADA Ninjaz - Aramar #7430,80e0eb6433aa6d9437839d437b777e7a259e200a0b32b3f594e1000ad04c6f11#0,21140176,2023-01-02T20:30:48.643Z,540000000,SINGLE_ASSET
83c0ab67afc9148bd1571b7a14de1df03cd5624f5992d3b8ec84d6fb4164614e696e6a617a34313737,ADA Ninjaz - Aramar #4177,6df76c5c3b482e6408f4e3e4e50d11706c10c85f0da397c53fc3068f629c5374#0,21140165,2023-01-02T20:29:37.364Z,555000000,SINGLE_ASSET
83c0ab67afc9148bd1571b7a14de1df03cd5624f5992d3b8ec84d6fb4164614e696e6a617a37353535,ADA Ninjaz - Aramar #7555,fc5466ca5927b03baaa5ce77dc4e384f097d8490eea8286635ba5ccd45b6d868#0,21127173,2022-12-31T20:33:20.710Z,150000000,SINGLE_ASSET
83c0ab67afc9148bd1571b7a14de1df03cd5624f5992d3b8ec84d6fb4164614e696e6a617a31373332,ADA Ninjaz - Aramar #1732,92e309c9a1ed48b79788f2ea4d3f6d4e413e8f46af410315dd248c81ca6279ed#0,21125888,2022-12-31T15:56:36.290Z,200000000,SINGLE_ASSET
83c0ab67afc9148bd1571b7a14de1df03cd5624f5992d3b8ec84d6fb4164614e696e6a617a35373936,ADA Ninjaz - Aramar #5796,a6d241509cb7f23746055252ccb99075675caa80bcaac57e42b37c88d3aa464e#0,21013759,2022-12-31T05:15:34.900Z,216000000,SINGLE_ASSET
83c0ab67afc9148bd1571b7a14de1df03cd5624f5992d3b8ec84d6fb4164614e696e6a617a31353136,ADA Ninjaz - Aramar #1516,e9df5344ba2d7e8318117686e77e68b9fc45865a85459d174938368db6c014c4#0,21008931,2022-12-31T05:14:10.135Z,220000000,SINGLE_ASSET
83c0ab67afc9148bd1571b7a14de1df03cd5624f5992d3b8ec84d6fb4164614e696e6a617a33313932,ADA Ninjaz - Aramar #3192,80ce8a3694456919544a645dd0ce1814fbbb4a6f58ba111159ea0249a5829068#0,21121604,2022-12-30T22:54:40.602Z,225000000,SINGLE_ASSET
83c0ab67afc9148bd1571b7a14de1df03cd5624f5992d3b8ec84d6fb4164614e696e6a617a30383233,ADA Ninjaz - Aramar #0823,34e4c531ee38783100cec72df44e13031ae0ed2ace6cc66ab3dd3da01cbfe00d#0,21062186,2022-12-30T14:53:49.043Z,369000000,SINGLE_ASSET
83c0ab67afc9148bd1571b7a14de1df03cd5624f5992d3b8ec84d6fb4164614e696e6a617a32333835,ADA Ninjaz - Aramar #2385,95735f01f72722a6397d0e0839cbc0506e2b561ce2fc019cefff6dbec5ca9074#0,21062190,2022-12-30T14:53:23.385Z,369000000,SINGLE_ASSET
83c0ab67afc9148bd1571b7a14de1df03cd5624f5992d3b8ec84d6fb4164614e696e6a617a37343731,ADA Ninjaz - Aramar #7471,0a74aaef67b45d7bb0b9b621934c4461d0d55a71806a9d985b9d8a8124567db8#0,21062169,2022-12-30T14:50:59.000Z,3499000000,SINGLE_ASSET
83c0ab67afc9148bd1571b7a14de1df03cd5624f5992d3b8ec84d6fb4164614e696e6a617a32333430,ADA Ninjaz - Aramar #2340,868effda73a402155f96f1ffbe64e2e20dcb8321e280757e5ad491ad845df62b#0,21062198,2022-12-30T14:50:11.000Z,699000000,SINGLE_ASSET
83c0ab67afc9148bd1571b7a14de1df03cd5624f5992d3b8ec84d6fb4164614e696e6a617a35333436,ADA Ninjaz - Aramar #5346,e72df651472a67c5f5fb72bb0c77077ce3b7a7400db379759b8d2ae4af6240f7#0,21115635,2022-12-30T02:20:12.076Z,155000000,SINGLE_ASSET
83c0ab67afc9148bd1571b7a14de1df03cd5624f5992d3b8ec84d6fb4164614e696e6a617a32353431,ADA Ninjaz - Aramar #2541,d0bb9f8168a482aa6293bbe9a636a8c9e750e775b67d5ceaa646a8d833138372#0,21113468,2022-12-29T22:07:04.915Z,499000000,SINGLE_ASSET
83c0ab67afc9148bd1571b7a14de1df03cd5624f5992d3b8ec84d6fb4164614e696e6a617a35323736,ADA Ninjaz - Aramar #5276,2745f181366d2a9857c480f5ce35d69e22469f5e5f73379aafb7ed7eea3d0170#0,21113379,2022-12-29T21:50:30.734Z,156000000,SINGLE_ASSET
83c0ab67afc9148bd1571b7a14de1df03cd5624f5992d3b8ec84d6fb4164614e696e6a617a32353436,ADA Ninjaz - Aramar #2546,dab41e15563645e2249c3f00f8f8784add1f5b04e7b56b40223a345efcf882ce#0,21113362,2022-12-29T21:45:41.104Z,145000000,SINGLE_ASSET
83c0ab67afc9148bd1571b7a14de1df03cd5624f5992d3b8ec84d6fb4164614e696e6a617a32373939,ADA Ninjaz - Aramar #2799,f3386c66b57e2ca04cc312610ed863b45ab70a403ef1a530c6946cf73e82e607#0,21110824,2022-12-29T13:00:39.773Z,209000000,SINGLE_ASSET
83c0ab67afc9148bd1571b7a14de1df03cd5624f5992d3b8ec84d6fb4164614e696e6a617a36343735,ADA Ninjaz - Aramar #6475,97b4d68d6a99037fee54aa2f0705867ea33cdf8ed869acadde8409db5d3f1c3f#0,21110344,2022-12-29T10:51:04.529Z,330000000,SINGLE_ASSET
83c0ab67afc9148bd1571b7a14de1df03cd5624f5992d3b8ec84d6fb4164614e696e6a617a32303531,ADA Ninjaz - Aramar #2051,90ef6c32ab93ecd1e357c8d1af397ede7f63aa217b4e4df01d4d72ba0816494b#0,21107545,2022-12-28T22:38:45.653Z,240000000,SINGLE_ASSET
83c0ab67afc9148bd1571b7a14de1df03cd5624f5992d3b8ec84d6fb4164614e696e6a617a33363339,ADA Ninjaz - Aramar #3639,a6162b4cc578aab47180d4ad5ff0465d8117bb96e3e944b17272e82ebd8c1908#0,21106787,2022-12-28T20:14:12.485Z,165000000,SINGLE_ASSET
83c0ab67afc9148bd1571b7a14de1df03cd5624f5992d3b8ec84d6fb4164614e696e6a617a37313534,ADA Ninjaz - Aramar #7154,7128a62c5772710a7057dc50dc41c9a5fa2afc88c3dfbf3e32568261c5e10c46#0,21093861,2022-12-26T11:59:13.326Z,200000000,SINGLE_ASSET
83c0ab67afc9148bd1571b7a14de1df03cd5624f5992d3b8ec84d6fb4164614e696e6a617a36303031,ADA Ninjaz - Aramar #6001,035d4bf4dcd0e8f23c30fe516472d49ec36236c94ed9743988c7fd6fb89a074d#0,20249101,2022-12-24T12:15:31.281Z,900000000,SINGLE_ASSET
83c0ab67afc9148bd1571b7a14de1df03cd5624f5992d3b8ec84d6fb4164614e696e6a617a35343239,ADA Ninjaz - Aramar #5429,e3282d241a67000a0ae28165ea0374498b4fa7b8e796cddb19b8eedc0a3ba066#0,21070706,2022-12-22T11:26:50.338Z,200000000,SINGLE_ASSET
83c0ab67afc9148bd1571b7a14de1df03cd5624f5992d3b8ec84d6fb4164614e696e6a617a38313838,ADA Ninjaz - Aramar #8188,8896dc29ab184bccd2c7f2523989f00801de909dfce9d5ce8879716060ab38b6#0,21070708,2022-12-22T11:26:49.000Z,300000000,SINGLE_ASSET
83c0ab67afc9148bd1571b7a14de1df03cd5624f5992d3b8ec84d6fb4164614e696e6a617a32343330,ADA Ninjaz - Aramar #2430,ca3c90eb45eead334febd36d52714189270ec1a809356ef71ee543ccaa1c10ec#0,21070700,2022-12-22T11:25:36.656Z,200000000,SINGLE_ASSET
83c0ab67afc9148bd1571b7a14de1df03cd5624f5992d3b8ec84d6fb4164614e696e6a617a33343837,ADA Ninjaz - Aramar #3487,4e4d12474c352ad59853af96bafd1636fb1894dcec1ebcaf1add981e9ff63093#0,21049798,2022-12-21T22:00:04.381Z,377000000,SINGLE_ASSET
83c0ab67afc9148bd1571b7a14de1df03cd5624f5992d3b8ec84d6fb4164614e696e6a617a37303737,ADA Ninjaz - Aramar #7077,131e392ccaf6899a3d6fc5c2096d1f11d654cec003a9dd0fde6f94e036c31198#0,21065617,2022-12-21T15:09:31.090Z,140000000,SINGLE_ASSET
83c0ab67afc9148bd1571b7a14de1df03cd5624f5992d3b8ec84d6fb4164614e696e6a617a36373335,ADA Ninjaz - Aramar #6735,d35d634a19127536b3359293043bb401aa700f800bc1e1885749aaaf0a6fe7a2#0,20240942,2022-12-21T08:39:55.463Z,250000000,SINGLE_ASSET
83c0ab67afc9148bd1571b7a14de1df03cd5624f5992d3b8ec84d6fb4164614e696e6a617a35343639,ADA Ninjaz - Aramar #5469,d3268a8b02bbb69f673a518090d0a12315501180f02cd31610d51220849ef067#0,21063982,2022-12-21T07:25:59.639Z,140000000,SINGLE_ASSET
83c0ab67afc9148bd1571b7a14de1df03cd5624f5992d3b8ec84d6fb4164614e696e6a617a36333239,ADA Ninjaz - Aramar #6329,e974e616d097f760d013d7b5fa88097fce4295223b914625903a34d17f9901e2#0,21052235,2022-12-19T16:41:06.063Z,400000000,SINGLE_ASSET
83c0ab67afc9148bd1571b7a14de1df03cd5624f5992d3b8ec84d6fb4164614e696e6a617a33383938,ADA Ninjaz - Aramar #3898,ecbf6b21aff198453663bf9752b5f5f1e807ca8cbbf235024df334ebf6d34a1c#0,20499846,2022-12-18T17:26:05.708Z,800000000,SINGLE_ASSET
83c0ab67afc9148bd1571b7a14de1df03cd5624f5992d3b8ec84d6fb4164614e696e6a617a38333934,ADA Ninjaz - Aramar #8394,81d9913dc08d0d6a0fea4771a59d37854f5e0fd38fd24620eca4dd41f5d5cb99#0,21039218,2022-12-17T13:34:39.360Z,300000000,SINGLE_ASSET
83c0ab67afc9148bd1571b7a14de1df03cd5624f5992d3b8ec84d6fb4164614e696e6a617a30333737,ADA Ninjaz - Aramar #0377,e6208b5d9c28ac0defffefef9e4460fe0246ad9e63b66d3aefe87a8c07c414cf,20953085,2022-12-13T14:56:04.960Z,295000000,SINGLE_ASSET
83c0ab67afc9148bd1571b7a14de1df03cd5624f5992d3b8ec84d6fb4164614e696e6a617a35303931,ADA Ninjaz - Aramar #5091,3bfb5093d8e1b5375c9b6c9af701a46c5aa6ca250a498f3d778ab39ffeadb3b9,21007473,2022-12-13T14:36:35.232Z,150000000,SINGLE_ASSET
83c0ab67afc9148bd1571b7a14de1df03cd5624f5992d3b8ec84d6fb4164614e696e6a617a36333037,ADA Ninjaz - Aramar #6307,449e810ebacecf3a18fe8574e503b8ae4470213ee3fa4cd11bd4ba6a058e1fed,20969556,2022-12-07T05:57:15.027Z,500000000,SINGLE_ASSET
83c0ab67afc9148bd1571b7a14de1df03cd5624f5992d3b8ec84d6fb4164614e696e6a617a32393539,ADA Ninjaz - Aramar #2959,45adc8fe85323a7af8a969dcab41e76fd077dce3e06d2b0169a753e0ff7e64b6,20959854,2022-12-05T11:52:05.078Z,1000000000,SINGLE_ASSET
83c0ab67afc9148bd1571b7a14de1df03cd5624f5992d3b8ec84d6fb4164614e696e6a617a31353936,ADA Ninjaz - Aramar #1596,ff600ee61f292ef6824181775c86b43f0d4bac406b5a7ae98e5fb9602f7677cc,20957325,2022-12-04T22:00:12.035Z,333000000,SINGLE_ASSET
83c0ab67afc9148bd1571b7a14de1df03cd5624f5992d3b8ec84d6fb4164614e696e6a617a30323038,ADA Ninjaz - Aramar #0208,da4d75c8524bb699436b1ef13e3d56d7e66e5c1b88730bdfb2c4d81517110599,20957322,2022-12-04T21:59:04.247Z,333000000,SINGLE_ASSET
83c0ab67afc9148bd1571b7a14de1df03cd5624f5992d3b8ec84d6fb4164614e696e6a617a33383339,ADA Ninjaz - Aramar #3839,c64f4440b4fa53ca623c39379365c589f5330359f9d999a24edaac08ede8da83,20957320,2022-12-04T21:57:05.721Z,420000000,SINGLE_ASSET
83c0ab67afc9148bd1571b7a14de1df03cd5624f5992d3b8ec84d6fb4164614e696e6a617a35343631,ADA Ninjaz - Aramar #5461,d0ff07fab9247b2c54d9074c70cd01725afb98982a9c16095d1f6912eee8c8c7,19218560,2022-11-30T14:30:04.514Z,440000000,SINGLE_ASSET
83c0ab67afc9148bd1571b7a14de1df03cd5624f5992d3b8ec84d6fb4164614e696e6a617a38363335,ADA Ninjaz - Aramar #8635,e250dc02b5717bd071a3787ef8dbd53e66f9129636fb6a3f7870294d94e383c4,20908827,2022-11-27T08:56:06.573Z,269000000,SINGLE_ASSET
83c0ab67afc9148bd1571b7a14de1df03cd5624f5992d3b8ec84d6fb4164614e696e6a617a34373835,ADA Ninjaz - Aramar #4785,e92fb6d21be5352d4fc0f16b3bf04bdf241402b93a2e208771a55272dafd9158,20893815,2022-11-24T15:56:15.081Z,180000000,SINGLE_ASSET
83c0ab67afc9148bd1571b7a14de1df03cd5624f5992d3b8ec84d6fb4164614e696e6a617a38353830,ADA Ninjaz - Aramar #8580,f57b443a13fa06ae391ea285c004d58143aa38f59edf61679051dfffc57d8974,20892487,2022-11-24T10:32:06.016Z,222000000,SINGLE_ASSET
83c0ab67afc9148bd1571b7a14de1df03cd5624f5992d3b8ec84d6fb4164614e696e6a617a38333432,ADA Ninjaz - Aramar #8342,dad20f6906831c867a5d9818cbd80cd9c573735032f6b4ea1d1b29baece6f80c,20850669,2022-11-17T12:32:05.907Z,145000000,SINGLE_ASSET
83c0ab67afc9148bd1571b7a14de1df03cd5624f5992d3b8ec84d6fb4164614e696e6a617a37323436,ADA Ninjaz - Aramar #7246,80a7c01edadf53d20309b2249cabc3f82159ff86b334d9cb59eca27422b6fe05,20830255,2022-11-13T21:27:09.515Z,240000000,SINGLE_ASSET
83c0ab67afc9148bd1571b7a14de1df03cd5624f5992d3b8ec84d6fb4164614e696e6a617a33323338,ADA Ninjaz - Aramar #3238,d505c31ca03dd7d956cc760176d84702526cc279e1c750e3656e5fd95d228965,20830252,2022-11-13T21:25:16.897Z,240000000,SINGLE_ASSET
83c0ab67afc9148bd1571b7a14de1df03cd5624f5992d3b8ec84d6fb4164614e696e6a617a31353738,ADA Ninjaz - Aramar #1578,6cb11f09ba9ac65ef9dd9572225e7ae1b8d058bbdb3f6f1a82dea3887bd07d01,20830245,2022-11-13T21:24:26.353Z,280000000,SINGLE_ASSET
83c0ab67afc9148bd1571b7a14de1df03cd5624f5992d3b8ec84d6fb4164614e696e6a617a33303236,ADA Ninjaz - Aramar #3026,a8f4256cb70014083005f9d31290ad8560d40eb7f7ca516dfaaa43afa11c901c,20830249,2022-11-13T21:24:25.997Z,340000000,SINGLE_ASSET
83c0ab67afc9148bd1571b7a14de1df03cd5624f5992d3b8ec84d6fb4164614e696e6a617a37343230,ADA Ninjaz - Aramar #7420,9561f16ca67dec2ffb4cfa934ca9494ca3607dbeb4fa4f9220fca5a5f22370f8,20817028,2022-11-11T18:44:08.707Z,753000000,SINGLE_ASSET
83c0ab67afc9148bd1571b7a14de1df03cd5624f5992d3b8ec84d6fb4164614e696e6a617a38363931,ADA Ninjaz - Aramar #8691,1a003a214919d85497244d5e18bb1add62e2d540fd95a645e65a370f5b6cedcb,20813529,2022-11-11T06:07:08.368Z,10000000000,SINGLE_ASSET
83c0ab67afc9148bd1571b7a14de1df03cd5624f5992d3b8ec84d6fb4164614e696e6a617a37363238,ADA Ninjaz - Aramar #7628,80593c25df9424e1e5dfd0749fccccd60fb81c09156168d6532a29cc5f24a0e8,20813522,2022-11-11T06:03:08.220Z,5000000000,SINGLE_ASSET
83c0ab67afc9148bd1571b7a14de1df03cd5624f5992d3b8ec84d6fb4164614e696e6a617a32323931,ADA Ninjaz - Aramar #2291,61f7983295f5d853f2ac08ab4cb43dac879e1e41f8e79c010c9eb338ea7f2f41,20786893,2022-11-07T03:11:11.496Z,550000000,SINGLE_ASSET
83c0ab67afc9148bd1571b7a14de1df03cd5624f5992d3b8ec84d6fb4164614e696e6a617a32363637,ADA Ninjaz - Aramar #2667,c83420b3e7e0fe6937da7a6cfad650acc3b41188b40060c928fd13d7147beeef,20327038,2022-11-06T19:50:20.448Z,979000000,SINGLE_ASSET
83c0ab67afc9148bd1571b7a14de1df03cd5624f5992d3b8ec84d6fb4164614e696e6a617a31303333,ADA Ninjaz - Aramar #1033,6c8ddb59e8825aab54d97bf6412bcf0923cc1ab81d8af7b1f9cc5b8b7b36e3a4,20627445,2022-11-04T01:34:07.156Z,180000000,SINGLE_ASSET
83c0ab67afc9148bd1571b7a14de1df03cd5624f5992d3b8ec84d6fb4164614e696e6a617a34343336,ADA Ninjaz - Aramar #4436,c15c213d0b89622e65c7fbb99c30049e710f91398745f8d3c83575759b6b8192,20747185,2022-11-03T00:30:36.000Z,249000000,SINGLE_ASSET
83c0ab67afc9148bd1571b7a14de1df03cd5624f5992d3b8ec84d6fb4164614e696e6a617a30303333,ADA Ninjaz - Aramar #0033,b74eeb68eb0e489ed72e3051a941913c650c5c102697930308b2d805d8705c04,20747188,2022-11-03T00:30:36.000Z,299000000,SINGLE_ASSET
83c0ab67afc9148bd1571b7a14de1df03cd5624f5992d3b8ec84d6fb4164614e696e6a617a37333534,ADA Ninjaz - Aramar #7354,c8fd7253cfb92f7940f3b30113d2f934b4296fbeffb1204d9ca6f5368e1c433a,20734999,2022-11-01T17:15:53.000Z,249000000,SINGLE_ASSET
83c0ab67afc9148bd1571b7a14de1df03cd5624f5992d3b8ec84d6fb4164614e696e6a617a31323035,ADA Ninjaz - Aramar #1205,a268aa87089c1c9a69148791622f62b5c2710ebaa1bbad31d1b7032bbda69895,20734254,2022-11-01T15:12:12.911Z,210000000,SINGLE_ASSET
83c0ab67afc9148bd1571b7a14de1df03cd5624f5992d3b8ec84d6fb4164614e696e6a617a32303437,ADA Ninjaz - Aramar #2047,e58dc361d9b35bbeb1e7391b2355bccdd1dafc30c0b0564684d858c61f296a8e,19583785,2022-11-01T02:30:14.805Z,269000000,SINGLE_ASSET
83c0ab67afc9148bd1571b7a14de1df03cd5624f5992d3b8ec84d6fb4164614e696e6a617a33333232,ADA Ninjaz - Aramar #3322,5fcb8a5b39e5305554aea19da754a70b7218545a2dfc7bde119144f1f6c95cd1,20728709,2022-10-31T23:27:07.862Z,300000000,SINGLE_ASSET
83c0ab67afc9148bd1571b7a14de1df03cd5624f5992d3b8ec84d6fb4164614e696e6a617a36393538,ADA Ninjaz - Aramar #6958,7799f04337edb38db7e139e82010bcc0c716fdc91f4cc2bde9984ca545175fc6,20728546,2022-10-31T23:09:06.551Z,1500000000,SINGLE_ASSET
83c0ab67afc9148bd1571b7a14de1df03cd5624f5992d3b8ec84d6fb4164614e696e6a617a31383532,ADA Ninjaz - Aramar #1852,bd3be71f48a18f40d3bb48545fd271c35a0fb8bcb288c1eb969f44492baac41e,20707087,2022-10-29T23:43:22.297Z,199000000,SINGLE_ASSET
83c0ab67afc9148bd1571b7a14de1df03cd5624f5992d3b8ec84d6fb4164614e696e6a617a33383434,ADA Ninjaz - Aramar #3844,96f42eb1b03c89f6f41dfaa95182b6beb5474a1e8f09c9686acc9f8899d765cc,20704900,2022-10-29T18:45:06.361Z,500000000,SINGLE_ASSET
83c0ab67afc9148bd1571b7a14de1df03cd5624f5992d3b8ec84d6fb4164614e696e6a617a36343236,ADA Ninjaz - Aramar #6426,48c2f5cf3d77b61634ac270fde804ebbb701947e025f7bad32ba4fe0eb8c14ec,20702284,2022-10-29T12:54:22.592Z,400000000,SINGLE_ASSET
83c0ab67afc9148bd1571b7a14de1df03cd5624f5992d3b8ec84d6fb4164614e696e6a617a36313739,ADA Ninjaz - Aramar #6179,42d83991dbe9bd9dc600dc7073302203d85fb5f9261b81f455d3a883c5383ac9,20702281,2022-10-29T12:51:15.707Z,400000000,SINGLE_ASSET
83c0ab67afc9148bd1571b7a14de1df03cd5624f5992d3b8ec84d6fb4164614e696e6a617a35393330,ADA Ninjaz - Aramar #5930,15c956dc07753756f43b1feac2f457dac6c96cef31fa9b93ecc459346f504f96,20701903,2022-10-29T11:30:06.843Z,321000000,SINGLE_ASSET
83c0ab67afc9148bd1571b7a14de1df03cd5624f5992d3b8ec84d6fb4164614e696e6a617a37393931,ADA Ninjaz - Aramar #7991,5b9d61630a28322f6242b5ff2203298a09802281c6f7517f0fa0e8bb76253f27,20696987,2022-10-28T21:46:07.367Z,225000000,SINGLE_ASSET
83c0ab67afc9148bd1571b7a14de1df03cd5624f5992d3b8ec84d6fb4164614e696e6a617a32303534,ADA Ninjaz - Aramar #2054,f8ab7c8b2cf64920ff776753ae40231ef0b70c8ccb0fbf13fd93952d0f91a436,19832095,2022-10-27T14:37:29.398Z,225000000,SINGLE_ASSET
83c0ab67afc9148bd1571b7a14de1df03cd5624f5992d3b8ec84d6fb4164614e696e6a617a30373433,ADA Ninjaz - Aramar #0743,a7bad33ed6c33b313b6e35e1954eda93616f5bc37a8c0c311074b70e906c2040,20673999,2022-10-26T17:08:06.592Z,168000000,SINGLE_ASSET
83c0ab67afc9148bd1571b7a14de1df03cd5624f5992d3b8ec84d6fb4164614e696e6a617a32333039,ADA Ninjaz - Aramar #2309,e6076606065190923c3a358793d9135b2a262d1303940394873cdc8b5b12e1b9,20664513,2022-10-26T01:54:27.178Z,250000000,SINGLE_ASSET
83c0ab67afc9148bd1571b7a14de1df03cd5624f5992d3b8ec84d6fb4164614e696e6a617a37333836,ADA Ninjaz - Aramar #7386,e1d7600858bfe24fdbfb89e1699aaa5e5b7305bd147f578babb97493661d3266,20643156,2022-10-24T15:40:25.000Z,296000000,SINGLE_ASSET
83c0ab67afc9148bd1571b7a14de1df03cd5624f5992d3b8ec84d6fb4164614e696e6a617a36373431,ADA Ninjaz - Aramar #6741,d10eb70f8f1a95a2ccea3bddd7d658ba20ab755325d401fa180786203cdd7eab,20642581,2022-10-24T14:36:08.758Z,200000000,SINGLE_ASSET
83c0ab67afc9148bd1571b7a14de1df03cd5624f5992d3b8ec84d6fb4164614e696e6a617a32313035,ADA Ninjaz - Aramar #2105,c675d80919692b2ded5c399d1d2f2524dcbb2997e37c865df40156b0d63db6b8,20639402,2022-10-24T07:23:08.018Z,427000000,SINGLE_ASSET
83c0ab67afc9148bd1571b7a14de1df03cd5624f5992d3b8ec84d6fb4164614e696e6a617a38343135,ADA Ninjaz - Aramar #8415,ca24a9aeaceb6ab7eae57d34b9e3d87e67d0d3ebe54689f1845d9fca467d9bfb,20632260,2022-10-23T16:12:06.218Z,140000000,SINGLE_ASSET
83c0ab67afc9148bd1571b7a14de1df03cd5624f5992d3b8ec84d6fb4164614e696e6a617a35393934,ADA Ninjaz - Aramar #5994,f54ad60d3b6b30301d4097e7bf73ac5d24544cea84087bce06af3977028b8b4d,20628743,2022-10-23T09:49:05.969Z,140000000,SINGLE_ASSET
83c0ab67afc9148bd1571b7a14de1df03cd5624f5992d3b8ec84d6fb4164614e696e6a617a35343533,ADA Ninjaz - Aramar #5453,542a88dff451c6f0260b5179cc1157209408b27df775e6acfd9ffce12fd381e1,20628422,2022-10-23T09:11:07.051Z,340000000,SINGLE_ASSET
83c0ab67afc9148bd1571b7a14de1df03cd5624f5992d3b8ec84d6fb4164614e696e6a617a36303132,ADA Ninjaz - Aramar #6012,eeb534f86e9119700802010aa0c9ff838710fc1ba2ec86a86132c2628a1db189,20627986,2022-10-23T08:15:08.341Z,250000000,SINGLE_ASSET
83c0ab67afc9148bd1571b7a14de1df03cd5624f5992d3b8ec84d6fb4164614e696e6a617a30363437,ADA Ninjaz - Aramar #0647,48f9c45ea5fecdc942905fc2a32569c7f2f36752aa4b9b3a189a3c4567adfd42,20615448,2022-10-22T09:35:24.926Z,200000000,SINGLE_ASSET
83c0ab67afc9148bd1571b7a14de1df03cd5624f5992d3b8ec84d6fb4164614e696e6a617a36303939,ADA Ninjaz - Aramar #6099,c5b7e14f898c6eca5ca917d2f8bc8a4e162eade71cf61469d0929c7b6e23a274,20610146,2022-10-21T22:33:56.508Z,250000000,SINGLE_ASSET
83c0ab67afc9148bd1571b7a14de1df03cd5624f5992d3b8ec84d6fb4164614e696e6a617a33363838,ADA Ninjaz - Aramar #3688,7298d74c05891dde6f6bdcc257fe9603e7275603c0d4cf1902e12d258045c05e,14794104,2022-10-21T15:52:30.555Z,249000000,SINGLE_ASSET
83c0ab67afc9148bd1571b7a14de1df03cd5624f5992d3b8ec84d6fb4164614e696e6a617a37363536,ADA Ninjaz - Aramar #7656,d5cefe30c8da3686ef60518af475cd69a6ffca5021afd104dec5c765a3530bbe,14796255,2022-10-21T15:50:21.808Z,1000000000,SINGLE_ASSET
83c0ab67afc9148bd1571b7a14de1df03cd5624f5992d3b8ec84d6fb4164614e696e6a617a38373430,ADA Ninjaz - Aramar #8740,921172db26b55665b1647514a83b4694812a261a6c2b98472cbf357d3f192830,19565575,2022-10-21T15:49:28.784Z,199000000,SINGLE_ASSET
83c0ab67afc9148bd1571b7a14de1df03cd5624f5992d3b8ec84d6fb4164614e696e6a617a31323935,ADA Ninjaz - Aramar #1295,7bd8d23185775ed81b301b32c6b2713813ae62bdd03ffcc1927cedaf4559f4dc,19566958,2022-10-21T15:48:25.061Z,199000000,SINGLE_ASSET
83c0ab67afc9148bd1571b7a14de1df03cd5624f5992d3b8ec84d6fb4164614e696e6a617a37373233,ADA Ninjaz - Aramar #7723,20552cf2fc1d684ac8057be6e0cc6fa099bdfa88686404fa0cdc29b299dca19c,19000152,2022-10-21T13:37:28.743Z,1100000000,SINGLE_ASSET
83c0ab67afc9148bd1571b7a14de1df03cd5624f5992d3b8ec84d6fb4164614e696e6a617a32323537,ADA Ninjaz - Aramar #2257,20fbabdce7e846809f52873116b0c5daafeda8337b2a6d88b28e16e33d28d1ed,20603633,2022-10-21T11:34:35.965Z,478000000,SINGLE_ASSET
83c0ab67afc9148bd1571b7a14de1df03cd5624f5992d3b8ec84d6fb4164614e696e6a617a34333138,ADA Ninjaz - Aramar #4318,660cbdf1b779606c1977ee9ddfd6ab28e164c8421b7c8079c8964a3140257d11,20603610,2022-10-21T11:29:20.102Z,240000000,SINGLE_ASSET
83c0ab67afc9148bd1571b7a14de1df03cd5624f5992d3b8ec84d6fb4164614e696e6a617a38313437,ADA Ninjaz - Aramar #8147,81c74ea407c6feb97c12d57e2939cc4efbc1bd9b5357d131dd19522b93562f6b,20603584,2022-10-21T11:25:16.401Z,200000000,SINGLE_ASSET
83c0ab67afc9148bd1571b7a14de1df03cd5624f5992d3b8ec84d6fb4164614e696e6a617a35333832,ADA Ninjaz - Aramar #5382,50bfb7e839560ba013a38e9aaaf19f172cedf8585b133a6e0c6213805723d765,20603574,2022-10-21T11:24:32.484Z,185000000,SINGLE_ASSET
83c0ab67afc9148bd1571b7a14de1df03cd5624f5992d3b8ec84d6fb4164614e696e6a617a34393931,ADA Ninjaz - Aramar #4991,c887541f9ce82188cde2e3e2aa154b1f91efba59f05dbfd9436727d7bd844921,20603567,2022-10-21T11:21:36.576Z,185000000,SINGLE_ASSET
83c0ab67afc9148bd1571b7a14de1df03cd5624f5992d3b8ec84d6fb4164614e696e6a617a30363635,ADA Ninjaz - Aramar #0665,3a7ffaa64de54c76f4a7ea45863dbc651ace1fa119d1cb6816bb37d04f5f3930,20603561,2022-10-21T11:19:20.538Z,250000000,SINGLE_ASSET
83c0ab67afc9148bd1571b7a14de1df03cd5624f5992d3b8ec84d6fb4164614e696e6a617a33363432,ADA Ninjaz - Aramar #3642,a2788b3ea0b7e27e119d54f44292fafdb233c9d3e56364b959993307d8814ee3,20559322,2022-10-17T13:38:20.000Z,499000000,SINGLE_ASSET
83c0ab67afc9148bd1571b7a14de1df03cd5624f5992d3b8ec84d6fb4164614e696e6a617a34333139,ADA Ninjaz - Aramar #4319,300c9c623397185c330523698bcd72de24270acfbcf1fd6b183310e6940ead70,20538191,2022-10-14T20:31:14.037Z,350000000,SINGLE_ASSET
83c0ab67afc9148bd1571b7a14de1df03cd5624f5992d3b8ec84d6fb4164614e696e6a617a35383537,ADA Ninjaz - Aramar #5857,5a8f9f60577974d57b4bb55be28bf2b787526821de7368742c24f44c1adfaa6d,19504865,2022-10-13T22:46:17.781Z,200000000,SINGLE_ASSET
83c0ab67afc9148bd1571b7a14de1df03cd5624f5992d3b8ec84d6fb4164614e696e6a617a34353336,ADA Ninjaz - Aramar #4536,b4df2999f54bd2fc80ddb27609c2e693ac250868e314e5ed047d79b5f69fb75d,20514485,2022-10-11T14:49:43.564Z,200000000,SINGLE_ASSET
83c0ab67afc9148bd1571b7a14de1df03cd5624f5992d3b8ec84d6fb4164614e696e6a617a33393436,ADA Ninjaz - Aramar #3946,c74ed7d75805132bab5af6a995dfec216ec0a40673eae83f916f7dfeec640df5,20499849,2022-10-08T21:37:34.565Z,350000000,SINGLE_ASSET
83c0ab67afc9148bd1571b7a14de1df03cd5624f5992d3b8ec84d6fb4164614e696e6a617a34333630,ADA Ninjaz - Aramar #4360,ee2545bdf2112b455afc717a69f2cf7eac0e049df1bd767c29197ac96648de25,20493861,2022-10-07T21:10:26.667Z,150000000,SINGLE_ASSET
83c0ab67afc9148bd1571b7a14de1df03cd5624f5992d3b8ec84d6fb4164614e696e6a617a33353138,ADA Ninjaz - Aramar #3518,38e863b7f6d3e072ad215d723cd8b818036b46f5bc6a4a579d7a4db0ec811570,14794017,2022-10-05T11:53:05.608Z,250000000,SINGLE_ASSET
83c0ab67afc9148bd1571b7a14de1df03cd5624f5992d3b8ec84d6fb4164614e696e6a617a37313137,ADA Ninjaz - Aramar #7117,537176f278a2d5bcd15889110ed8026139d60b89d4e1df1d387ce1f7e6683445,20475037,2022-10-04T12:47:13.136Z,1000000000,SINGLE_ASSET
83c0ab67afc9148bd1571b7a14de1df03cd5624f5992d3b8ec84d6fb4164614e696e6a617a34353537,ADA Ninjaz - Aramar #4557,a9c72237869a6769fb74f71b3f641f789a65581c0a81b38a2d84bf421c5d8c34,20454074,2022-09-30T08:56:09.240Z,221000000,SINGLE_ASSET
83c0ab67afc9148bd1571b7a14de1df03cd5624f5992d3b8ec84d6fb4164614e696e6a617a31343535,ADA Ninjaz - Aramar #1455,a224150301c607de285aee878621e3843747294d39c43cf48a205d30a766c81b,20448067,2022-09-29T07:44:03.960Z,200000000,SINGLE_ASSET
83c0ab67afc9148bd1571b7a14de1df03cd5624f5992d3b8ec84d6fb4164614e696e6a617a31383739,ADA Ninjaz - Aramar #1879,b8d3b8bab538b0cfa1c5ecee82e12f2119dc43031f1eb9744cba18fadde2689b,20448053,2022-09-29T07:39:02.428Z,1000000000,SINGLE_ASSET
83c0ab67afc9148bd1571b7a14de1df03cd5624f5992d3b8ec84d6fb4164614e696e6a617a31343133,ADA Ninjaz - Aramar #1413,6fcbf1677a6924fd0bffd269a178a20e7c52586cdbe5faad538a53c270d21108,20447343,2022-09-29T03:14:56.925Z,180000000,SINGLE_ASSET
83c0ab67afc9148bd1571b7a14de1df03cd5624f5992d3b8ec84d6fb4164614e696e6a617a30383435,ADA Ninjaz - Aramar #0845,b71e667d4e3183d86da065e50a0b5dbd0212357a8f6ebc345c8360f094212cc8,20443198,2022-09-28T12:17:04.193Z,500000000,SINGLE_ASSET
83c0ab67afc9148bd1571b7a14de1df03cd5624f5992d3b8ec84d6fb4164614e696e6a617a32343535,ADA Ninjaz - Aramar #2455,0a5235a38612a32e570b2ec7bdb34807fe0d3af56741be03b0b36b0de47f44e3,20419258,2022-09-23T17:54:05.788Z,250000000,SINGLE_ASSET
83c0ab67afc9148bd1571b7a14de1df03cd5624f5992d3b8ec84d6fb4164614e696e6a617a37393231,ADA Ninjaz - Aramar #7921,003156f2b37b20f327ea8fa14b7c58bab3a07a3f8b1d4264bc2ddfdf5d04dd8e,20344448,2022-09-22T14:03:07.951Z,150000000,SINGLE_ASSET
83c0ab67afc9148bd1571b7a14de1df03cd5624f5992d3b8ec84d6fb4164614e696e6a617a37383034,ADA Ninjaz - Aramar #7804,f8ca3dca1185a371b21cd5e3068fe6b4f3a188b503cb222775de18ef45271b71,20407700,2022-09-21T13:24:03.713Z,150000000,SINGLE_ASSET
83c0ab67afc9148bd1571b7a14de1df03cd5624f5992d3b8ec84d6fb4164614e696e6a617a31353638,ADA Ninjaz - Aramar #1568,8483740372a8449538a7c76a910f3d35776596f9de83de2083e09023965c3445,20404859,2022-09-21T02:42:02.984Z,303000000,SINGLE_ASSET
83c0ab67afc9148bd1571b7a14de1df03cd5624f5992d3b8ec84d6fb4164614e696e6a617a36313433,ADA Ninjaz - Aramar #6143,23dfd56ee1258601364d86c5190f6c8c4834529ee3008e35974bc7b47d79e399,20404843,2022-09-21T02:37:01.000Z,333000000,SINGLE_ASSET
83c0ab67afc9148bd1571b7a14de1df03cd5624f5992d3b8ec84d6fb4164614e696e6a617a30313939,ADA Ninjaz - Aramar #0199,8d97fc5179e7733fe44126a9578d854a2ffa22dc93d37f2fb05c217db44e1818,20404837,2022-09-21T02:36:02.523Z,499000000,SINGLE_ASSET
83c0ab67afc9148bd1571b7a14de1df03cd5624f5992d3b8ec84d6fb4164614e696e6a617a32393236,ADA Ninjaz - Aramar #2926,b56591d1ad393c757aa7764dbfec4d1470bb6625233f2cb36dee4b6151c96121,20398507,2022-09-19T18:14:02.788Z,140000000,SINGLE_ASSET
83c0ab67afc9148bd1571b7a14de1df03cd5624f5992d3b8ec84d6fb4164614e696e6a617a36363339,ADA Ninjaz - Aramar #6639,84a51fc6acadf3d603d42e76777965f2a05b3df74747faef593f5cca2e3607a0,20397339,2022-09-19T13:53:04.822Z,200000000,SINGLE_ASSET
83c0ab67afc9148bd1571b7a14de1df03cd5624f5992d3b8ec84d6fb4164614e696e6a617a35393133,ADA Ninjaz - Aramar #5913,7e891d213fb30b99e44228ad905c3b6441795a3b1f1a1f8f7232fc748195ee0c,20397342,2022-09-19T13:53:02.738Z,298000000,SINGLE_ASSET
83c0ab67afc9148bd1571b7a14de1df03cd5624f5992d3b8ec84d6fb4164614e696e6a617a37383937,ADA Ninjaz - Aramar #7897,5c1e5c4a472f1015797c6ca3a5c7ba5beb13e6e99538501278e5136cdd9a83ea,20397334,2022-09-19T13:51:02.966Z,187000000,SINGLE_ASSET
83c0ab67afc9148bd1571b7a14de1df03cd5624f5992d3b8ec84d6fb4164614e696e6a617a37313039,ADA Ninjaz - Aramar #7109,06d0985c8ac186634aec3d4f0a5d439bf5b044a7d703b4f52b15d04dd97d617d,20389995,2022-09-17T14:51:02.200Z,320000000,SINGLE_ASSET
83c0ab67afc9148bd1571b7a14de1df03cd5624f5992d3b8ec84d6fb4164614e696e6a617a30303934,ADA Ninjaz - Aramar #0094,8fd75fabfe553f0a5e76f3f653436baf00891fcc3671e45d04375e4acfc64b47,20390039,2022-09-17T14:50:02.678Z,400000000,SINGLE_ASSET
83c0ab67afc9148bd1571b7a14de1df03cd5624f5992d3b8ec84d6fb4164614e696e6a617a38363833,ADA Ninjaz - Aramar #8683,7ca28a5f448bd87ed5ff1bf62ff595aff656b7407081a713cb76de7236d558c0,20389989,2022-09-17T14:39:02.391Z,245000000,SINGLE_ASSET
83c0ab67afc9148bd1571b7a14de1df03cd5624f5992d3b8ec84d6fb4164614e696e6a617a31373938,ADA Ninjaz - Aramar #1798,0aa8d558a0ba66070b6186f2ab1b744de26cd182bcf9a0bd8a3778dd3955e2da,20389926,2022-09-17T14:26:02.455Z,245000000,SINGLE_ASSET
83c0ab67afc9148bd1571b7a14de1df03cd5624f5992d3b8ec84d6fb4164614e696e6a617a37373234,ADA Ninjaz - Aramar #7724,26ed1f364845d7794c65405c13bbbd4be4341976c5987fb3f217cd256d3a0550,20381728,2022-09-15T20:44:03.092Z,200000000,SINGLE_ASSET
83c0ab67afc9148bd1571b7a14de1df03cd5624f5992d3b8ec84d6fb4164614e696e6a617a33333237,ADA Ninjaz - Aramar #3327,cc2203085b685414a2d0ae7e9c0da3800a40b830b11950f58692d24bba08765b,20211848,2022-09-14T13:17:02.834Z,899000000,SINGLE_ASSET
83c0ab67afc9148bd1571b7a14de1df03cd5624f5992d3b8ec84d6fb4164614e696e6a617a33313738,ADA Ninjaz - Aramar #3178,acfe9403e55f1cdfe14fa2a4ed785d779aa61d1f0da41cadcfdf6710a4e5af45,20369190,2022-09-12T14:27:03.639Z,1200000000,SINGLE_ASSET
83c0ab67afc9148bd1571b7a14de1df03cd5624f5992d3b8ec84d6fb4164614e696e6a617a33373532,ADA Ninjaz - Aramar #3752,d8c57014dd89fd7611740bef559544226037c4af8703d67b3bf0f674bfc55cec,20366104,2022-09-11T18:03:02.707Z,160000000,SINGLE_ASSET
83c0ab67afc9148bd1571b7a14de1df03cd5624f5992d3b8ec84d6fb4164614e696e6a617a36313332,ADA Ninjaz - Aramar #6132,778f8050c1c5a02d825d3dde3832877236fd6b89c130296d5b24d8853e2db4f5,20362326,2022-09-10T19:49:03.398Z,300000000,SINGLE_ASSET
83c0ab67afc9148bd1571b7a14de1df03cd5624f5992d3b8ec84d6fb4164614e696e6a617a31313635,ADA Ninjaz - Aramar #1165,25ae14d92e568de225a87494d0bbdf9e1d6cce37e00d197cc90771ee3c915dab,20359619,2022-09-10T08:24:55.347Z,399000000,SINGLE_ASSET
83c0ab67afc9148bd1571b7a14de1df03cd5624f5992d3b8ec84d6fb4164614e696e6a617a37303735,ADA Ninjaz - Aramar #7075,83be48948a910334ccab37cee3080962c95c16490570ad81d16654b0583f0f57,14795933,2022-09-10T05:02:03.056Z,380000000,SINGLE_ASSET
83c0ab67afc9148bd1571b7a14de1df03cd5624f5992d3b8ec84d6fb4164614e696e6a617a36363431,ADA Ninjaz - Aramar #6641,fa4792367dacbe5e6ba7a48404edd3eb189568bfacaf98ccc25666ed0395f61f,14795669,2022-09-10T05:01:38.071Z,380000000,SINGLE_ASSET
83c0ab67afc9148bd1571b7a14de1df03cd5624f5992d3b8ec84d6fb4164614e696e6a617a32333933,ADA Ninjaz - Aramar #2393,71b8d193044b536e0e29687403e845263028c16637eee43363c80259ac3b2eb1,20349731,2022-09-08T13:34:02.674Z,158000000,SINGLE_ASSET
83c0ab67afc9148bd1571b7a14de1df03cd5624f5992d3b8ec84d6fb4164614e696e6a617a34353031,ADA Ninjaz - Aramar #4501,12333dffc96255f9934a9bbdabf1f3a695bd9025ee6b118661ba3cbc75e0ebbe,20345063,2022-09-07T15:37:04.758Z,2000000000,SINGLE_ASSET
83c0ab67afc9148bd1571b7a14de1df03cd5624f5992d3b8ec84d6fb4164614e696e6a617a35313534,ADA Ninjaz - Aramar #5154,4dc9278c8bfaa3d5bf4ac30ab1996b6960b465d24f6cffa159aca9b959dfcca1,20342896,2022-09-07T03:38:02.718Z,150000000,SINGLE_ASSET
83c0ab67afc9148bd1571b7a14de1df03cd5624f5992d3b8ec84d6fb4164614e696e6a617a35323237,ADA Ninjaz - Aramar #5227,7804c71ed53e902047fb0262cb3adaf2e5bd4918fd00866536995813318877a3,20338762,2022-09-06T12:41:02.800Z,160000000,SINGLE_ASSET
83c0ab67afc9148bd1571b7a14de1df03cd5624f5992d3b8ec84d6fb4164614e696e6a617a37343831,ADA Ninjaz - Aramar #7481,345ea11524cb5270f7c5f12ca79971b59fc423c5874e345b87ffda75d4ddee3f,20330868,2022-09-05T01:15:04.103Z,180000000,SINGLE_ASSET
83c0ab67afc9148bd1571b7a14de1df03cd5624f5992d3b8ec84d6fb4164614e696e6a617a36353835,ADA Ninjaz - Aramar #6585,e9ceb7004f5a62083b20d2d3d3df23c94d85fb5c49865fa064ef9143827cc6f2,20323889,2022-09-03T18:43:07.022Z,300000000,SINGLE_ASSET
83c0ab67afc9148bd1571b7a14de1df03cd5624f5992d3b8ec84d6fb4164614e696e6a617a35323536,ADA Ninjaz - Aramar #5256,42747986ce5bafc64855f7a73a21933a1fad6cb2b0f9af7fc4f248902a4a70ec,20227631,2022-09-02T07:39:01.657Z,25000000000,SINGLE_ASSET
83c0ab67afc9148bd1571b7a14de1df03cd5624f5992d3b8ec84d6fb4164614e696e6a617a32393936,ADA Ninjaz - Aramar #2996,ee46a137ec44e059ce4107a76d0e4f2b2613e0db1eb5b8902f51220476a58898,20314158,2022-09-01T07:19:04.782Z,355000000,SINGLE_ASSET
83c0ab67afc9148bd1571b7a14de1df03cd5624f5992d3b8ec84d6fb4164614e696e6a617a37383139,ADA Ninjaz - Aramar #7819,8e3dc14146b331b4679fe1cb0b69333ac5229476de3168c176eed00be6a859de,20309491,2022-08-31T12:17:02.444Z,245000000,SINGLE_ASSET
83c0ab67afc9148bd1571b7a14de1df03cd5624f5992d3b8ec84d6fb4164614e696e6a617a38353632,ADA Ninjaz - Aramar #8562,8f8e90deb9a5ce109bc1f81097765c3925a5f0adb13db777a0bb220f04c8b368,20306339,2022-08-30T20:27:11.493Z,750000000,SINGLE_ASSET
83c0ab67afc9148bd1571b7a14de1df03cd5624f5992d3b8ec84d6fb4164614e696e6a617a37313834,ADA Ninjaz - Aramar #7184,068ae16da27cbe4f19b6c0b7bf907f0abb756fecafc723b5f04302f027b6c356,20300295,2022-08-29T14:54:03.115Z,250000000,SINGLE_ASSET
83c0ab67afc9148bd1571b7a14de1df03cd5624f5992d3b8ec84d6fb4164614e696e6a617a31393938,ADA Ninjaz - Aramar #1998,3f8f59ec9ac5e5293db0dc46506ba1b48a207d041509606f8307654e3f78cc82,20297818,2022-08-29T01:15:03.910Z,205000000,SINGLE_ASSET
83c0ab67afc9148bd1571b7a14de1df03cd5624f5992d3b8ec84d6fb4164614e696e6a617a31343033,ADA Ninjaz - Aramar #1403,9352a841334b3162acae6bf9bdbc1d2c40ebfe2b469238421a084ff3f3cdb382,20284209,2022-08-26T16:41:03.995Z,150000000,SINGLE_ASSET
83c0ab67afc9148bd1571b7a14de1df03cd5624f5992d3b8ec84d6fb4164614e696e6a617a32383636,ADA Ninjaz - Aramar #2866,04bdfaf847c74237502eb8c5514b7141b4522f3edcf742fe2cc07b022c979b1b,20283571,2022-08-26T14:58:05.640Z,174000000,SINGLE_ASSET
83c0ab67afc9148bd1571b7a14de1df03cd5624f5992d3b8ec84d6fb4164614e696e6a617a30343334,ADA Ninjaz - Aramar #0434,7f38a95575f5455f951c7509f6d557f4a61f9ecaac79fbe8f1fe18593b5a129c,20067447,2022-08-24T17:22:03.728Z,240000000,SINGLE_ASSET
83c0ab67afc9148bd1571b7a14de1df03cd5624f5992d3b8ec84d6fb4164614e696e6a617a31303938,ADA Ninjaz - Aramar #1098,d75df56a88cc59fb96ee019b6eba7c201bcafa2f6e0a4fd985199d3c49a9846b,20071799,2022-08-22T01:49:03.846Z,888000000,SINGLE_ASSET
83c0ab67afc9148bd1571b7a14de1df03cd5624f5992d3b8ec84d6fb4164614e696e6a617a35373233,ADA Ninjaz - Aramar #5723,83b293994d94264b21b736c2944e89bdac11c78cb18f35cc887a9fd239828632,19559554,2022-08-21T23:35:04.130Z,200000000,SINGLE_ASSET
83c0ab67afc9148bd1571b7a14de1df03cd5624f5992d3b8ec84d6fb4164614e696e6a617a37323332,ADA Ninjaz - Aramar #7232,0f8b455eeb87d48bb7c43c0a07833bb5dcc3c69f66402ccf3a138a997015bf15,20223203,2022-08-16T12:28:02.555Z,395000000,SINGLE_ASSET
83c0ab67afc9148bd1571b7a14de1df03cd5624f5992d3b8ec84d6fb4164614e696e6a617a37303738,ADA Ninjaz - Aramar #7078,dcbe58385784a181268d1a2b72a84718b1110e6d208d0d6eb52462daa90fca94,20208951,2022-08-14T04:51:02.478Z,285000000,SINGLE_ASSET
83c0ab67afc9148bd1571b7a14de1df03cd5624f5992d3b8ec84d6fb4164614e696e6a617a30303839,ADA Ninjaz - Aramar #0089,ba77e9d1b134b3c66f048e0bf7f0b5c05ca9079668415b013ffc8c0fd5a92ab6,20202409,2022-08-13T03:03:02.326Z,699000000,SINGLE_ASSET
83c0ab67afc9148bd1571b7a14de1df03cd5624f5992d3b8ec84d6fb4164614e696e6a617a34303133,ADA Ninjaz - Aramar #4013,4bacce0f0583c033474441502d6539ca992ad13f1274286303d823c07250dc6a,20202401,2022-08-13T03:00:33.607Z,399000000,SINGLE_ASSET
83c0ab67afc9148bd1571b7a14de1df03cd5624f5992d3b8ec84d6fb4164614e696e6a617a35373630,ADA Ninjaz - Aramar #5760,c127b111aec969176eaa2afce45b9c19165cd4993ce4e667301defdc5363aadf,20202393,2022-08-13T02:58:01.946Z,300000000,SINGLE_ASSET
83c0ab67afc9148bd1571b7a14de1df03cd5624f5992d3b8ec84d6fb4164614e696e6a617a32383032,ADA Ninjaz - Aramar #2802,649bd2c1b410121822d13952e152d27b988253c587620ae138c393de54461bc5,20202389,2022-08-13T02:57:03.860Z,499000000,SINGLE_ASSET
83c0ab67afc9148bd1571b7a14de1df03cd5624f5992d3b8ec84d6fb4164614e696e6a617a30343934,ADA Ninjaz - Aramar #0494,9c07a3994fe65f087cdef0f7e8d22866a6d881b7688ef24fb1621c40e16a15a0,20200890,2022-08-12T20:44:05.101Z,150000000,SINGLE_ASSET
83c0ab67afc9148bd1571b7a14de1df03cd5624f5992d3b8ec84d6fb4164614e696e6a617a31363337,ADA Ninjaz - Aramar #1637,a6a10715d0fbe40b6b496e5fc535d9143a3ef8bdac1487020471bd7a735f24b2,20193514,2022-08-11T12:23:05.525Z,250000000,SINGLE_ASSET
83c0ab67afc9148bd1571b7a14de1df03cd5624f5992d3b8ec84d6fb4164614e696e6a617a32333334,ADA Ninjaz - Aramar #2334,4026c5cf394ee1f43a3d2f846c2d779b27bcd52d046bd3f7fb9411b06ed7d345,20193517,2022-08-11T12:23:04.467Z,150000000,SINGLE_ASSET
83c0ab67afc9148bd1571b7a14de1df03cd5624f5992d3b8ec84d6fb4164614e696e6a617a35343038,ADA Ninjaz - Aramar #5408,1afc900c0eecefb25f66160448bf4a0d59662f1e95ee13b3d877ca187daf2445,19586816,2022-08-11T03:47:04.792Z,1250000000,SINGLE_ASSET
83c0ab67afc9148bd1571b7a14de1df03cd5624f5992d3b8ec84d6fb4164614e696e6a617a31383139,ADA Ninjaz - Aramar #1819,db9f0877452afc40ef8acd45cb077b5a05443860b1a3b10545aea5120f547f84,20171116,2022-08-07T10:29:02.530Z,200000000,SINGLE_ASSET
83c0ab67afc9148bd1571b7a14de1df03cd5624f5992d3b8ec84d6fb4164614e696e6a617a30303031,ADA Ninjaz - Aramar #0001,4fb366223473fcd4b748643e61d116bb0a8c8aab28c82d1ce006a21a8f700b2f,20153674,2022-08-04T14:49:49.000Z,1000000000000,SINGLE_ASSET
83c0ab67afc9148bd1571b7a14de1df03cd5624f5992d3b8ec84d6fb4164614e696e6a617a32373137,ADA Ninjaz - Aramar #2717,8204ee71813afb30c39130c1eeab8d77f09643484cefcd03d944cb187996f261,20130865,2022-08-02T02:56:03.860Z,2150000000,SINGLE_ASSET
83c0ab67afc9148bd1571b7a14de1df03cd5624f5992d3b8ec84d6fb4164614e696e6a617a33343034,ADA Ninjaz - Aramar #3404,d45403ac57582c93adaf463027a09ff565187ab0ebe284d48b773536b359c0ba,19573907,2022-08-01T12:27:04.696Z,199000000,SINGLE_ASSET
83c0ab67afc9148bd1571b7a14de1df03cd5624f5992d3b8ec84d6fb4164614e696e6a617a36373739,ADA Ninjaz - Aramar #6779,6c4f104778e07b4137d735ebc55f655f5a89a44487c037d64974bc5fc93a93e5,19585257,2022-08-01T11:49:04.094Z,199000000,SINGLE_ASSET
83c0ab67afc9148bd1571b7a14de1df03cd5624f5992d3b8ec84d6fb4164614e696e6a617a37323734,ADA Ninjaz - Aramar #7274,ddb4dc25342f9af4c884ada1bfe39f48008da4812bf55f838bdcd97bdfbf2051,19199131,2022-08-01T11:28:07.734Z,199000000,SINGLE_ASSET
83c0ab67afc9148bd1571b7a14de1df03cd5624f5992d3b8ec84d6fb4164614e696e6a617a34383033,ADA Ninjaz - Aramar #4803,4863e649e6e5f1d61d82932d3bdad05edf4f2af0a01adec27387312461a044be,14794707,2022-07-31T05:33:01.815Z,250000000,SINGLE_ASSET
83c0ab67afc9148bd1571b7a14de1df03cd5624f5992d3b8ec84d6fb4164614e696e6a617a31333636,ADA Ninjaz - Aramar #1366,be18d7c49274d3e5f0e65464aa11065a4c5e012f5417db0fd2f91aee2940661e,20094651,2022-07-30T18:23:06.009Z,220000000,SINGLE_ASSET
83c0ab67afc9148bd1571b7a14de1df03cd5624f5992d3b8ec84d6fb4164614e696e6a617a33313230,ADA Ninjaz - Aramar #3120,5acae260d6553db800c4ffa431c363922d59ff2ed6c536ee09fee53e142328da,19585125,2022-07-29T10:21:02.743Z,250000000,SINGLE_ASSET
83c0ab67afc9148bd1571b7a14de1df03cd5624f5992d3b8ec84d6fb4164614e696e6a617a31303536,ADA Ninjaz - Aramar #1056,92ea789298eda95f08e6833f70c09e539644079fe960793520e5f77d27cef661,19199705,2022-07-29T09:57:01.903Z,199000000,SINGLE_ASSET
83c0ab67afc9148bd1571b7a14de1df03cd5624f5992d3b8ec84d6fb4164614e696e6a617a32383337,ADA Ninjaz - Aramar #2837,98e360fb582e0742048e65c811bbd9abb77395462167d4ba12af0a9464d8c44e,20094574,2022-07-28T17:00:42.000Z,450000000,SINGLE_ASSET
83c0ab67afc9148bd1571b7a14de1df03cd5624f5992d3b8ec84d6fb4164614e696e6a617a30333136,ADA Ninjaz - Aramar #0316,d8ad9812745bd7581973ed8ce369de158e71be75eb7854c2debd0295b0a0d2fa,20091659,2022-07-28T03:11:06.912Z,799000000,SINGLE_ASSET
83c0ab67afc9148bd1571b7a14de1df03cd5624f5992d3b8ec84d6fb4164614e696e6a617a35343036,ADA Ninjaz - Aramar #5406,755eb84345846e9a85a323205bda4fae0202cbe1f58b72f0d6b8d1cf85b2bd27,20086139,2022-07-27T08:14:03.451Z,200000000,SINGLE_ASSET
83c0ab67afc9148bd1571b7a14de1df03cd5624f5992d3b8ec84d6fb4164614e696e6a617a33393036,ADA Ninjaz - Aramar #3906,e69640435662a5f3a4489f49c37f3173be9edb81da4325bd6e7101002629a21d,19964974,2022-07-10T04:56:07.284Z,890000000,SINGLE_ASSET
83c0ab67afc9148bd1571b7a14de1df03cd5624f5992d3b8ec84d6fb4164614e696e6a617a36373833,ADA Ninjaz - Aramar #6783,9d7e2aa490a51599eeb4601f8129db80f04251d028a5c4f01efe94b619967abf,19942420,2022-07-06T23:37:05.260Z,188000000,SINGLE_ASSET
83c0ab67afc9148bd1571b7a14de1df03cd5624f5992d3b8ec84d6fb4164614e696e6a617a38353934,ADA Ninjaz - Aramar #8594,2f6f2a05379f798149da94d595fabd177e6bf96b02e7afe16e3ca7d60cef8be1,19888955,2022-06-28T12:19:03.546Z,4989000000,SINGLE_ASSET
83c0ab67afc9148bd1571b7a14de1df03cd5624f5992d3b8ec84d6fb4164614e696e6a617a37343036,ADA Ninjaz - Aramar #7406,f12f548db6a23f138ed355a3214498b923c2bf71105410163a7bf3c65c616c7e,14796114,2022-06-27T19:31:07.031Z,350000000,SINGLE_ASSET
83c0ab67afc9148bd1571b7a14de1df03cd5624f5992d3b8ec84d6fb4164614e696e6a617a37333730,ADA Ninjaz - Aramar #7370,67849898189f42af568128869c7b38b40dd1a01eb85f15e75df02fd0453541fe,19271590,2022-06-25T20:19:02.439Z,1500000000,SINGLE_ASSET
83c0ab67afc9148bd1571b7a14de1df03cd5624f5992d3b8ec84d6fb4164614e696e6a617a30303930,ADA Ninjaz - Aramar #0090,b22cc04272422548681650dca315bf65ad40c9ff46a1e3d90a349ff0b818a6ce,19846852,2022-06-22T00:41:05.713Z,225000000,SINGLE_ASSET
83c0ab67afc9148bd1571b7a14de1df03cd5624f5992d3b8ec84d6fb4164614e696e6a617a30313035,ADA Ninjaz - Aramar #0105,e0f2c555dc540743b80daf29df2a9ee5a94f0824b54bfaca4460a9501e74ff9b,19846856,2022-06-22T00:41:04.062Z,299000000,SINGLE_ASSET
83c0ab67afc9148bd1571b7a14de1df03cd5624f5992d3b8ec84d6fb4164614e696e6a617a31343833,ADA Ninjaz - Aramar #1483,84e083f936147c508361f661a8dc48f53f20ffd6add28012a62cf49fb531d176,19846843,2022-06-22T00:39:03.825Z,499000000,SINGLE_ASSET
83c0ab67afc9148bd1571b7a14de1df03cd5624f5992d3b8ec84d6fb4164614e696e6a617a30393536,ADA Ninjaz - Aramar #0956,8b0845f50cc6bc7d5df3579b9328220e2fd5140897d4eef86265bfcd08ccf8d5,18056590,2022-06-22T00:31:05.949Z,599000000,SINGLE_ASSET
83c0ab67afc9148bd1571b7a14de1df03cd5624f5992d3b8ec84d6fb4164614e696e6a617a32303539,ADA Ninjaz - Aramar #2059,9ba034a1771f340f3cd5c0d5a6484d17761640e975b3283ccee569e0dcb3ee9a,14793214,2022-06-15T04:29:04.329Z,250000000,SINGLE_ASSET
83c0ab67afc9148bd1571b7a14de1df03cd5624f5992d3b8ec84d6fb4164614e696e6a617a30303637,ADA Ninjaz - Aramar #0067,c414735e9b0de6f8b1e9bc3ef6d4e354ba6ef3c51377e41f501d8ee830e3b958,19782899,2022-06-12T00:54:04.606Z,180000000,SINGLE_ASSET
83c0ab67afc9148bd1571b7a14de1df03cd5624f5992d3b8ec84d6fb4164614e696e6a617a38373730,ADA Ninjaz - Aramar #8770,0867a8f88d31331303a3b5f3297c09bd1587cc9a74697351fb9ab9846bf1cbf6,19743959,2022-06-08T10:23:03.190Z,222000000,SINGLE_ASSET
83c0ab67afc9148bd1571b7a14de1df03cd5624f5992d3b8ec84d6fb4164614e696e6a617a34333732,ADA Ninjaz - Aramar #4372,3a492fc5490b8a6a551416ba96596c8cf2df6111371491d9201763426df1cfd5,19714172,2022-06-05T16:45:05.895Z,200000000,SINGLE_ASSET
83c0ab67afc9148bd1571b7a14de1df03cd5624f5992d3b8ec84d6fb4164614e696e6a617a33383135,ADA Ninjaz - Aramar #3815,6f60562405ee1c0f8d6f084c9319e987ea9d7e5eb60d91f6aa039575cef16681,19710845,2022-06-05T07:20:05.846Z,150000000,SINGLE_ASSET
83c0ab67afc9148bd1571b7a14de1df03cd5624f5992d3b8ec84d6fb4164614e696e6a617a36353137,ADA Ninjaz - Aramar #6517,af09a3e71d0efd49151e9831c5b1df31e71e6ead1f7692bdd4771171eb7db06c,19662186,2022-05-31T18:27:04.561Z,1050000000,SINGLE_ASSET
83c0ab67afc9148bd1571b7a14de1df03cd5624f5992d3b8ec84d6fb4164614e696e6a617a31373036,ADA Ninjaz - Aramar #1706,62ce276997fbe4cf3ac029a22f210a364775821fd1e7c224fc8678b1b60c9f76,19582247,2022-05-31T02:44:23.076Z,250000000,SINGLE_ASSET
83c0ab67afc9148bd1571b7a14de1df03cd5624f5992d3b8ec84d6fb4164614e696e6a617a32373635,ADA Ninjaz - Aramar #2765,6610e6fe69711ae560b3a203993da7a66182c495c7923a50f8138e60922744b5,19582258,2022-05-31T02:43:06.686Z,275000000,SINGLE_ASSET
83c0ab67afc9148bd1571b7a14de1df03cd5624f5992d3b8ec84d6fb4164614e696e6a617a38363738,ADA Ninjaz - Aramar #8678,05c576334f4a82e82683f4dafaf09644b78e05071d4b904f6a2e3aa16de87a31,19582285,2022-05-31T02:43:03.507Z,250000000,SINGLE_ASSET
83c0ab67afc9148bd1571b7a14de1df03cd5624f5992d3b8ec84d6fb4164614e696e6a617a36393233,ADA Ninjaz - Aramar #6923,e521661973c70384218d268767fe3b0339a09f4849c4fd034918bc7bdcb7a102,19582267,2022-05-31T02:42:05.515Z,250000000,SINGLE_ASSET
83c0ab67afc9148bd1571b7a14de1df03cd5624f5992d3b8ec84d6fb4164614e696e6a617a34373036,ADA Ninjaz - Aramar #4706,7d7b04887433746b6752648efcdf75bce0c556a7f165b32719e81b74a3562090,19567532,2022-05-23T20:03:04.035Z,500000000,SINGLE_ASSET
83c0ab67afc9148bd1571b7a14de1df03cd5624f5992d3b8ec84d6fb4164614e696e6a617a37363737,ADA Ninjaz - Aramar #7677,4cec41346abafe888a50a4f12cf7ec29d6e38a8dddf9f27d7dd86d2101ea11dc,19567509,2022-05-23T20:00:03.550Z,750000000,SINGLE_ASSET
83c0ab67afc9148bd1571b7a14de1df03cd5624f5992d3b8ec84d6fb4164614e696e6a617a33393333,ADA Ninjaz - Aramar #3933,bf7fb04448929bfc8ad483f636655a77c64dda4cc3ffc819742827ed8d4e68ba,19567472,2022-05-23T19:56:08.851Z,500000000,SINGLE_ASSET
83c0ab67afc9148bd1571b7a14de1df03cd5624f5992d3b8ec84d6fb4164614e696e6a617a33303635,ADA Ninjaz - Aramar #3065,15456a075c4ee4b71010a568df98525e4e40ae52c7fd2b67f428d9cb260b56e4,19567223,2022-05-23T19:30:08.970Z,500000000,SINGLE_ASSET
83c0ab67afc9148bd1571b7a14de1df03cd5624f5992d3b8ec84d6fb4164614e696e6a617a37363734,ADA Ninjaz - Aramar #7674,85722dd1bdc6934884ef1afe041c7a7a009f6819b2c984fd750f6b36d2307e80,19567197,2022-05-23T19:21:03.911Z,1000000000,SINGLE_ASSET
83c0ab67afc9148bd1571b7a14de1df03cd5624f5992d3b8ec84d6fb4164614e696e6a617a37303632,ADA Ninjaz - Aramar #7062,84d9796a8f19c982ced626c67a9f5db38b1de7293a1e2338627f84d66f7d5524,19567157,2022-05-23T19:18:05.281Z,1000000000,SINGLE_ASSET
83c0ab67afc9148bd1571b7a14de1df03cd5624f5992d3b8ec84d6fb4164614e696e6a617a30323036,ADA Ninjaz - Aramar #0206,bbe72aed150660639c01c5a960c7867fdc6719a0fad063c194dc9b8364f11d30,19565973,2022-05-23T16:40:06.507Z,250000000,SINGLE_ASSET
83c0ab67afc9148bd1571b7a14de1df03cd5624f5992d3b8ec84d6fb4164614e696e6a617a37323937,ADA Ninjaz - Aramar #7297,f5dd9c3ecdd4f3ac2c50381b761704018ff6c8c2e060a1df7ce9c1977254e4fc,19565706,2022-05-23T16:06:03.540Z,149000000,SINGLE_ASSET
83c0ab67afc9148bd1571b7a14de1df03cd5624f5992d3b8ec84d6fb4164614e696e6a617a32383835,ADA Ninjaz - Aramar #2885,8905c5d89a8975d64f627e514f421474333e10fcdd3821d3ca49779e9583099a,19525117,2022-05-19T19:49:03.938Z,33888000000,SINGLE_ASSET
83c0ab67afc9148bd1571b7a14de1df03cd5624f5992d3b8ec84d6fb4164614e696e6a617a33373937,ADA Ninjaz - Aramar #3797,011e97791811ac711b020b541bc3fa0baca75f358aec9b66fcbd3083d060096a,19519970,2022-05-19T04:51:03.737Z,300000000,SINGLE_ASSET
83c0ab67afc9148bd1571b7a14de1df03cd5624f5992d3b8ec84d6fb4164614e696e6a617a32343736,ADA Ninjaz - Aramar #2476,dd8b831a13d7ecb4ef29f7f75dd8452b61594f4badeff73a8a803c1dca918def,19497220,2022-05-19T01:33:02.085Z,285000000,SINGLE_ASSET
83c0ab67afc9148bd1571b7a14de1df03cd5624f5992d3b8ec84d6fb4164614e696e6a617a30343536,ADA Ninjaz - Aramar #0456,815e837c8281a61f01587988fdb560ba17c84a666cfa299639308c84e595e959,16934526,2022-05-14T21:47:06.901Z,269000000,SINGLE_ASSET
83c0ab67afc9148bd1571b7a14de1df03cd5624f5992d3b8ec84d6fb4164614e696e6a617a31303235,ADA Ninjaz - Aramar #1025,d4a839b55074abb3f1a3ccb191a2350b08cb65e8509c535834310fc42706f5fb,19468900,2022-05-14T19:44:08.877Z,190000000,SINGLE_ASSET
83c0ab67afc9148bd1571b7a14de1df03cd5624f5992d3b8ec84d6fb4164614e696e6a617a31343538,ADA Ninjaz - Aramar #1458,7b4fd873a7e9e5755d75e6218782c868a9f40462f2239120cef96d139f75636d,19468888,2022-05-14T19:43:06.680Z,400000000,SINGLE_ASSET
83c0ab67afc9148bd1571b7a14de1df03cd5624f5992d3b8ec84d6fb4164614e696e6a617a31303337,ADA Ninjaz - Aramar #1037,3093e6630974c1b83f3cd5aa89e877d94a0f1cc045ec594af4662b0c956bee94,19452801,2022-05-12T15:01:04.598Z,163000000,SINGLE_ASSET
83c0ab67afc9148bd1571b7a14de1df03cd5624f5992d3b8ec84d6fb4164614e696e6a617a38323432,ADA Ninjaz - Aramar #8242,3234b7d5377ad73db62cea4730277e434fe67577454b32e24d7290b2dd5e6b15,19399403,2022-05-07T07:57:03.968Z,200000000,SINGLE_ASSET
83c0ab67afc9148bd1571b7a14de1df03cd5624f5992d3b8ec84d6fb4164614e696e6a617a34353236,ADA Ninjaz - Aramar #4526,d7d0639cfd117b258a9231f92603290e3cc0387097dccc90699ceecb808aa0eb,14794575,2022-05-06T23:30:03.682Z,499000000,SINGLE_ASSET
83c0ab67afc9148bd1571b7a14de1df03cd5624f5992d3b8ec84d6fb4164614e696e6a617a35343835,ADA Ninjaz - Aramar #5485,ec7966fedc19111a1a5489ddc2c9af94f4d0b6101e7e97e01209e94f6d1a78a0,19358969,2022-05-04T00:09:06.112Z,250000000,SINGLE_ASSET
83c0ab67afc9148bd1571b7a14de1df03cd5624f5992d3b8ec84d6fb4164614e696e6a617a36333738,ADA Ninjaz - Aramar #6378,5a8e83818ca6cbdda2f5f3856f7b941b15fedcda45e8f2bf5c1a32de35447f7b,19358941,2022-05-04T00:08:03.243Z,200000000,SINGLE_ASSET
83c0ab67afc9148bd1571b7a14de1df03cd5624f5992d3b8ec84d6fb4164614e696e6a617a37333635,ADA Ninjaz - Aramar #7365,ff44e4fbdf51f43620676e563ad9f511110296f94d989f80d8b3fdc49aa519bb,19358870,2022-05-04T00:04:03.718Z,250000000,SINGLE_ASSET
83c0ab67afc9148bd1571b7a14de1df03cd5624f5992d3b8ec84d6fb4164614e696e6a617a35383137,ADA Ninjaz - Aramar #5817,cc5a234af752d4edd5e15722b0db84c3e69253401ef5abaf5940232bd3805e72,19356722,2022-05-03T21:54:07.409Z,200000000,SINGLE_ASSET
83c0ab67afc9148bd1571b7a14de1df03cd5624f5992d3b8ec84d6fb4164614e696e6a617a37313133,ADA Ninjaz - Aramar #7113,d89ec0be0278c74b69156acf206283dc07c676b738c91eb26cc4005e0eb41b70,19353760,2022-05-03T18:52:02.209Z,367000000,SINGLE_ASSET
83c0ab67afc9148bd1571b7a14de1df03cd5624f5992d3b8ec84d6fb4164614e696e6a617a32343937,ADA Ninjaz - Aramar #2497,75f9903ed1cd77f4c4351ea588dec152c855fe395f3fef4ec9eccfbbe19f6e59,19257572,2022-04-26T15:45:05.313Z,265000000,SINGLE_ASSET
83c0ab67afc9148bd1571b7a14de1df03cd5624f5992d3b8ec84d6fb4164614e696e6a617a35363136,ADA Ninjaz - Aramar #5616,ca1f072b135bf504988b5e5f3f546a55e451d948c13ab80ff61b9ac2c965c758,19235503,2022-04-24T21:45:14.697Z,199000000,SINGLE_ASSET
83c0ab67afc9148bd1571b7a14de1df03cd5624f5992d3b8ec84d6fb4164614e696e6a617a38313832,ADA Ninjaz - Aramar #8182,a706d7e50afc87ef486268ab385a9ce9fffcdb165eb1467cf2d099dc1c634db7,19197020,2022-04-22T08:20:04.066Z,1600000000,SINGLE_ASSET
83c0ab67afc9148bd1571b7a14de1df03cd5624f5992d3b8ec84d6fb4164614e696e6a617a30393434,ADA Ninjaz - Aramar #0944,5883bdfe5865b85bf26af31c18f44aa113bb3e45194386faa4d0744ed0050517,19197017,2022-04-22T08:19:04.087Z,350000000,SINGLE_ASSET
83c0ab67afc9148bd1571b7a14de1df03cd5624f5992d3b8ec84d6fb4164614e696e6a617a32353331,ADA Ninjaz - Aramar #2531,f69fb28f3e4a95ba2fe484626017d970ce4e56e1ec87ae336c77f99bf6021491,19196664,2022-04-22T07:25:03.825Z,299000000,SINGLE_ASSET
83c0ab67afc9148bd1571b7a14de1df03cd5624f5992d3b8ec84d6fb4164614e696e6a617a33323733,ADA Ninjaz - Aramar #3273,18744d6100e1bf8750bd212e724fd4f1a1d0efdc4c5598b8a0e01425984980b6,19196092,2022-04-22T05:56:03.550Z,425000000,SINGLE_ASSET
83c0ab67afc9148bd1571b7a14de1df03cd5624f5992d3b8ec84d6fb4164614e696e6a617a38313138,ADA Ninjaz - Aramar #8118,2bfaace9cd8286ad10c05cf5e719f3b071a71678f5e5152b2c23516a0d9c787e,19140098,2022-04-17T22:04:03.135Z,269000000,SINGLE_ASSET
83c0ab67afc9148bd1571b7a14de1df03cd5624f5992d3b8ec84d6fb4164614e696e6a617a34343833,ADA Ninjaz - Aramar #4483,1f07d4438b1b7d475315c2a015069be667f53625f62fcc009231bdcff563b9ea,14794554,2022-04-17T18:46:04.401Z,500000000,SINGLE_ASSET
83c0ab67afc9148bd1571b7a14de1df03cd5624f5992d3b8ec84d6fb4164614e696e6a617a31323137,ADA Ninjaz - Aramar #1217,04155946c4dd5871c9802511a21a7db6437a4e35136685f6b1b7278d0c47174c,19038935,2022-04-08T11:44:27.000Z,1000000000000,SINGLE_ASSET
83c0ab67afc9148bd1571b7a14de1df03cd5624f5992d3b8ec84d6fb4164614e696e6a617a30393134,ADA Ninjaz - Aramar #0914,652ed65d2d7717dee2a1f1a0ff54fb2dc9ccd3d646f16cac851ac4520b000769,19022150,2022-04-06T12:18:06.797Z,150000000,SINGLE_ASSET
83c0ab67afc9148bd1571b7a14de1df03cd5624f5992d3b8ec84d6fb4164614e696e6a617a35353035,ADA Ninjaz - Aramar #5505,fee41c96bd7ef044993d3f20621943e77d2ce0a81fc5fb4c6de598541b020e66,19022124,2022-04-06T12:15:06.654Z,150000000,SINGLE_ASSET
83c0ab67afc9148bd1571b7a14de1df03cd5624f5992d3b8ec84d6fb4164614e696e6a617a35393639,ADA Ninjaz - Aramar #5969,3e8d1008b5a23b4e4ff6a955efa5df113853b65b259cdb16591ff845f78005f5,18978433,2022-04-01T19:37:03.830Z,350000000,SINGLE_ASSET
83c0ab67afc9148bd1571b7a14de1df03cd5624f5992d3b8ec84d6fb4164614e696e6a617a35323034,ADA Ninjaz - Aramar #5204,f5adc4c9bb0790bbf18bf78cf44d59a6a69a7ecbf28c3ea41b6edb9a91f7f222,18951178,2022-03-29T21:12:04.163Z,160000000,SINGLE_ASSET
83c0ab67afc9148bd1571b7a14de1df03cd5624f5992d3b8ec84d6fb4164614e696e6a617a34323439,ADA Ninjaz - Aramar #4249,e88968aa19b87046473ec596f83156b09440c48295349dc83f3874e83ef3d754,18950019,2022-03-29T18:30:47.000Z,250000000,SINGLE_ASSET
83c0ab67afc9148bd1571b7a14de1df03cd5624f5992d3b8ec84d6fb4164614e696e6a617a35373735,ADA Ninjaz - Aramar #5775,a4d8735699869b0e84760903d85893801376055aa25ae114156f32372671f4ad,18938853,2022-03-28T01:42:03.098Z,160000000,SINGLE_ASSET
83c0ab67afc9148bd1571b7a14de1df03cd5624f5992d3b8ec84d6fb4164614e696e6a617a30363133,ADA Ninjaz - Aramar #0613,22a21866ecf0c8ee213ad6691408ee3aed234b1f433696cc1ffb4503d31c3300,18938785,2022-03-28T01:29:02.681Z,200000000,SINGLE_ASSET
83c0ab67afc9148bd1571b7a14de1df03cd5624f5992d3b8ec84d6fb4164614e696e6a617a36393336,ADA Ninjaz - Aramar #6936,0c6530999e491e60a0a7338549936dabe9cc580dfbdcc3557354b2e4e516a88e,18906741,2022-03-23T20:57:46.962Z,315000000,SINGLE_ASSET
83c0ab67afc9148bd1571b7a14de1df03cd5624f5992d3b8ec84d6fb4164614e696e6a617a34363332,ADA Ninjaz - Aramar #4632,e92c2689e3e1925731095695bdddc5a87ca93db8c7f5432fcd33393b9c751f82,18249866,2022-03-16T07:53:23.000Z,790000000,SINGLE_ASSET
83c0ab67afc9148bd1571b7a14de1df03cd5624f5992d3b8ec84d6fb4164614e696e6a617a31313938,ADA Ninjaz - Aramar #1198,0cc8d1a35d7628afd709c62ae90a937cccf0374cdffe489f744635d5109974ec,18059315,2022-03-13T23:32:25.000Z,2999000000,SINGLE_ASSET
83c0ab67afc9148bd1571b7a14de1df03cd5624f5992d3b8ec84d6fb4164614e696e6a617a34323135,ADA Ninjaz - Aramar #4215,a371df90dcc4416401c4d3e2ee5d52b95cceb8ced8c3d4e130779219c23a0b68,18072220,2022-03-12T12:38:31.000Z,800000000,SINGLE_ASSET
83c0ab67afc9148bd1571b7a14de1df03cd5624f5992d3b8ec84d6fb4164614e696e6a617a30363334,ADA Ninjaz - Aramar #0634,288be08e758b9606dcbc455309c18d702ae26afdf084d3a338ddc71162bf77a2,18072218,2022-03-12T12:32:32.000Z,655000000,SINGLE_ASSET
83c0ab67afc9148bd1571b7a14de1df03cd5624f5992d3b8ec84d6fb4164614e696e6a617a36333937,ADA Ninjaz - Aramar #6397,06153de3dbbf1f20e7c7e04da0ead870aa253b7f6a8f5220353acb00baa47364,18072160,2022-03-12T12:28:41.000Z,500000000,SINGLE_ASSET
83c0ab67afc9148bd1571b7a14de1df03cd5624f5992d3b8ec84d6fb4164614e696e6a617a32343639,ADA Ninjaz - Aramar #2469,07b0c7bd905cf86854531d158d42850887a6864b937aa8aa6783d6a438e97d6d,18072184,2022-03-12T12:24:18.000Z,1000000000,SINGLE_ASSET
83c0ab67afc9148bd1571b7a14de1df03cd5624f5992d3b8ec84d6fb4164614e696e6a617a35393738,ADA Ninjaz - Aramar #5978,ae746f7f15d2bb93cd80a59b1889e36748dbfcdd2a93477edd4081089d8bf9cd,18071962,2022-03-12T11:19:27.000Z,350000000,SINGLE_ASSET
83c0ab67afc9148bd1571b7a14de1df03cd5624f5992d3b8ec84d6fb4164614e696e6a617a30303938,ADA Ninjaz - Aramar #0098,31a50f66d37037eed2adbf213a3e0b71b4137c00bbf476491fec9341e756a16e,18071875,2022-03-12T11:16:41.000Z,230000000,SINGLE_ASSET
83c0ab67afc9148bd1571b7a14de1df03cd5624f5992d3b8ec84d6fb4164614e696e6a617a31333438,ADA Ninjaz - Aramar #1348,2ab85a27fb7554db401a5b9286e023ccd5c793f9e009a5dc5f2cc32a8f77d1f9,18071556,2022-03-12T09:17:18.000Z,300000000,SINGLE_ASSET
83c0ab67afc9148bd1571b7a14de1df03cd5624f5992d3b8ec84d6fb4164614e696e6a617a36393338,ADA Ninjaz - Aramar #6938,a0ec7a94365d7f7d1f49a1d8029c533a26e4c522254fa7b30a8927853fe30cae,18071567,2022-03-12T09:14:20.000Z,400000000,SINGLE_ASSET
83c0ab67afc9148bd1571b7a14de1df03cd5624f5992d3b8ec84d6fb4164614e696e6a617a38363531,ADA Ninjaz - Aramar #8651,203215fb7dd73c712d306f8359d16458149598db4d623bf00fced06fbdacd830,14796777,2022-03-05T12:30:06.000Z,199000000,SINGLE_ASSET
83c0ab67afc9148bd1571b7a14de1df03cd5624f5992d3b8ec84d6fb4164614e696e6a617a37343931,ADA Ninjaz - Aramar #7491,c04150618c7dd228e8f0bb64f1973a7ba707cc52d5e3b78025b77f53fddcc15d,14796155,2022-03-05T12:27:04.000Z,210000000,SINGLE_ASSET
83c0ab67afc9148bd1571b7a14de1df03cd5624f5992d3b8ec84d6fb4164614e696e6a617a32363232,ADA Ninjaz - Aramar #2622,59247a3c9e017a47f56226e4b1043fbc3545e941a6ba680f278b5084ea01ca18,17160035,2022-03-03T12:16:40.000Z,25000000000,SINGLE_ASSET
83c0ab67afc9148bd1571b7a14de1df03cd5624f5992d3b8ec84d6fb4164614e696e6a617a36333036,ADA Ninjaz - Aramar #6306,e09a3925a1f14f45b4c032a930380f9e14c864b1b1ea36b6037cd638f4d73e5e,14795504,2022-03-03T07:48:28.000Z,150000000,SINGLE_ASSET
83c0ab67afc9148bd1571b7a14de1df03cd5624f5992d3b8ec84d6fb4164614e696e6a617a32373131,ADA Ninjaz - Aramar #2711,0df907c477ece3ef4032ad6bcc5e7b822c316ae0366b130a56a0c2ca58251fa6,14793604,2022-02-22T08:34:31.000Z,290000000,SINGLE_ASSET
83c0ab67afc9148bd1571b7a14de1df03cd5624f5992d3b8ec84d6fb4164614e696e6a617a33373537,ADA Ninjaz - Aramar #3757,f3b98fb8632a7e38c2f6af1122839f55c21c32385d3a8d19820a307f38b1399b,14794132,2022-02-21T10:31:34.000Z,475000000,SINGLE_ASSET
83c0ab67afc9148bd1571b7a14de1df03cd5624f5992d3b8ec84d6fb4164614e696e6a617a30333936,ADA Ninjaz - Aramar #0396,7f905483f6641a93be47f87e4464087eaf3cbde1fb7922b52bd977abc026278c,14792395,2022-02-20T06:03:36.000Z,260000000,SINGLE_ASSET
83c0ab67afc9148bd1571b7a14de1df03cd5624f5992d3b8ec84d6fb4164614e696e6a617a35323935,ADA Ninjaz - Aramar #5295,402c2f969dfed94b084aec696a94a5b184c1c39d250f701221dd7d2e0ba00754,14794935,2022-02-19T06:54:36.000Z,200000000,SINGLE_ASSET
83c0ab67afc9148bd1571b7a14de1df03cd5624f5992d3b8ec84d6fb4164614e696e6a617a33393634,ADA Ninjaz - Aramar #3964,05b4b05fb0e72c75d5ac6396ce2ecb202cea01f41f6e5219c982668a500d3194,14794238,2022-02-18T02:53:13.000Z,200000000,SINGLE_ASSET
83c0ab67afc9148bd1571b7a14de1df03cd5624f5992d3b8ec84d6fb4164614e696e6a617a37303038,ADA Ninjaz - Aramar #7008,7b50e497a11f6bdb8c2ad0ee39678c5af513c1725aed2e4f621222a1477c7fe5,14795893,2022-02-17T23:01:32.000Z,200000000,SINGLE_ASSET
83c0ab67afc9148bd1571b7a14de1df03cd5624f5992d3b8ec84d6fb4164614e696e6a617a31363134,ADA Ninjaz - Aramar #1614,75fcd7ad4745d6f444f97ce9bb55c6cda0c10747e08d6cf91120397f3752deff,14792984,2022-02-17T18:40:49.000Z,570000000,SINGLE_ASSET
83c0ab67afc9148bd1571b7a14de1df03cd5624f5992d3b8ec84d6fb4164614e696e6a617a36353735,ADA Ninjaz - Aramar #6575,599ed6754436434c8c01b3067c470eececc4c99aa7f69cfd51425d05fddb6a8e,14795617,2022-02-16T23:14:01.000Z,574000000,SINGLE_ASSET
83c0ab67afc9148bd1571b7a14de1df03cd5624f5992d3b8ec84d6fb4164614e696e6a617a34343836,ADA Ninjaz - Aramar #4486,c7c583b1a643b879c2667f11e1f76831aaa325ced89c5b792caec48b0c172edd,14794559,2022-02-14T14:43:35.000Z,1950000000,SINGLE_ASSET
83c0ab67afc9148bd1571b7a14de1df03cd5624f5992d3b8ec84d6fb4164614e696e6a617a36393030,ADA Ninjaz - Aramar #6900,a07d89790824b54902bf5ee74c06b1e51874e1ae27693ec393a839e211433c3e,14795819,2022-02-14T11:12:02.000Z,735000000,SINGLE_ASSET
83c0ab67afc9148bd1571b7a14de1df03cd5624f5992d3b8ec84d6fb4164614e696e6a617a35383933,ADA Ninjaz - Aramar #5893,1c4eb8e0bd1f282cdabb37eb854d27bbefabe0988f759c9f9558f7d8bb2b7a8d,14795280,2022-02-14T09:12:00.000Z,280000000,SINGLE_ASSET
83c0ab67afc9148bd1571b7a14de1df03cd5624f5992d3b8ec84d6fb4164614e696e6a617a37323037,ADA Ninjaz - Aramar #7207,64ca25d6c20fdfe0c3ec870276b9df4124cf29b871b5103021ba1e5d3706df6a,14796017,2022-02-13T00:33:43.000Z,511000000,SINGLE_ASSET
83c0ab67afc9148bd1571b7a14de1df03cd5624f5992d3b8ec84d6fb4164614e696e6a617a36333137,ADA Ninjaz - Aramar #6317,2ce8aa3bfb8da12744f530eca83ffda999f0c52dc687830f2394ef7a6d43ff17,14795509,2022-02-12T09:29:37.000Z,1500000000,SINGLE_ASSET
83c0ab67afc9148bd1571b7a14de1df03cd5624f5992d3b8ec84d6fb4164614e696e6a617a38333331,ADA Ninjaz - Aramar #8331,3392fde3bab66db8bb409b24d6e6917f8b34f530aff29243a4ae9289c4015593,14796604,2022-02-11T15:25:12.000Z,999000000,SINGLE_ASSET
83c0ab67afc9148bd1571b7a14de1df03cd5624f5992d3b8ec84d6fb4164614e696e6a617a31303030,ADA Ninjaz - Aramar #1000,0471f4537ad44563cf02358719df3edea7676121f11d631e9e4adbc3a0f30146,14792683,2022-02-11T00:51:54.000Z,225000000,SINGLE_ASSET
83c0ab67afc9148bd1571b7a14de1df03cd5624f5992d3b8ec84d6fb4164614e696e6a617a33323638,ADA Ninjaz - Aramar #3268,30325e195625cd912e1499f3086c1159ac685ddfba8c891f48e88d1ddea03022,14793889,2022-02-10T02:58:08.000Z,10000000000,SINGLE_ASSET
83c0ab67afc9148bd1571b7a14de1df03cd5624f5992d3b8ec84d6fb4164614e696e6a617a32313633,ADA Ninjaz - Aramar #2163,83e883a81962896b63236b3119c8a6da4dc98affc1bd588fce8859b6a3e7daa1,14793299,2022-02-09T21:55:03.000Z,1500000000,SINGLE_ASSET
83c0ab67afc9148bd1571b7a14de1df03cd5624f5992d3b8ec84d6fb4164614e696e6a617a36343133,ADA Ninjaz - Aramar #6413,97509290c1db36261aa71df65019d49381c06b2bd3735bc31bb949212227a801,14795547,2022-02-09T20:10:31.000Z,250000000,SINGLE_ASSET
83c0ab67afc9148bd1571b7a14de1df03cd5624f5992d3b8ec84d6fb4164614e696e6a617a35323633,ADA Ninjaz - Aramar #5263,66db05224d2a0996a3051bfe98e3fbb50d16d607ba986636ba6669766c5f28a9,14794921,2022-02-09T16:56:56.000Z,200000000,SINGLE_ASSET
83c0ab67afc9148bd1571b7a14de1df03cd5624f5992d3b8ec84d6fb4164614e696e6a617a36393136,ADA Ninjaz - Aramar #6916,e5392c09916dca7b9f8595e80dc66ee971cdb848a231c52be04040cc5a25deaf,14795834,2022-02-09T11:01:52.000Z,520000000,SINGLE_ASSET
83c0ab67afc9148bd1571b7a14de1df03cd5624f5992d3b8ec84d6fb4164614e696e6a617a31313531,ADA Ninjaz - Aramar #1151,602a9927d9677e6a75250c8faab267a8b4ca60e1f441016a05523a4104bbd3d7,14792765,2022-02-08T19:01:29.000Z,350000000,SINGLE_ASSET
83c0ab67afc9148bd1571b7a14de1df03cd5624f5992d3b8ec84d6fb4164614e696e6a617a31353039,ADA Ninjaz - Aramar #1509,a34c15037dc8623182776693d5f29f98ed5f64d3df53229d90b65518bec59560,14792921,2022-02-07T19:07:56.000Z,179000000,SINGLE_ASSET
83c0ab67afc9148bd1571b7a14de1df03cd5624f5992d3b8ec84d6fb4164614e696e6a617a35353138,ADA Ninjaz - Aramar #5518,4530c23cf5f5ec93c92a9b23450ea66ea1e539565436ef184b50392bbda57233,14795060,2022-02-07T12:19:06.000Z,150000000,SINGLE_ASSET
83c0ab67afc9148bd1571b7a14de1df03cd5624f5992d3b8ec84d6fb4164614e696e6a617a33383936,ADA Ninjaz - Aramar #3896,a4cbb1d337759d3e6e238ec3d6ba7b3f4dbd54555450d9b8eb90ffbdb3901309,14794211,2022-02-07T01:29:18.000Z,397000000,SINGLE_ASSET
83c0ab67afc9148bd1571b7a14de1df03cd5624f5992d3b8ec84d6fb4164614e696e6a617a34323430,ADA Ninjaz - Aramar #4240,fb86f520ded1ac517d2d266dfd5945435e329d82550d9618680d2f11db4bd6ad,14794373,2022-02-06T05:15:45.000Z,250000000,SINGLE_ASSET
83c0ab67afc9148bd1571b7a14de1df03cd5624f5992d3b8ec84d6fb4164614e696e6a617a31333336,ADA Ninjaz - Aramar #1336,25bc3207afeebb2485cfbf6c1d690492d11d6c7959ff5d025b780bd087dadf9d,14792841,2022-02-06T01:37:24.000Z,200000000,SINGLE_ASSET
83c0ab67afc9148bd1571b7a14de1df03cd5624f5992d3b8ec84d6fb4164614e696e6a617a34343139,ADA Ninjaz - Aramar #4419,e7d46a6cf0b9d18d375afba5c484232f2240de6bfb0e88652004f2a1a48b58f7,14794511,2022-02-05T22:28:30.000Z,180000000,SINGLE_ASSET
83c0ab67afc9148bd1571b7a14de1df03cd5624f5992d3b8ec84d6fb4164614e696e6a617a32343430,ADA Ninjaz - Aramar #2440,82047e088150a7f463e9085e00a1c0ff995107d968f830bbb8b1870f395f171b,14793443,2022-02-05T18:38:45.000Z,275000000,SINGLE_ASSET
83c0ab67afc9148bd1571b7a14de1df03cd5624f5992d3b8ec84d6fb4164614e696e6a617a37313331,ADA Ninjaz - Aramar #7131,dc6853b3fcdff4bb4c2262f16c4cb056334b967d68d563d0be2ac52cf25c0e96,14795964,2022-02-05T16:39:05.000Z,369000000,SINGLE_ASSET
83c0ab67afc9148bd1571b7a14de1df03cd5624f5992d3b8ec84d6fb4164614e696e6a617a35333835,AdaNinjaz5385,a2032ebe76dfbdd6c800d96573f9ed5aed627956050fcdcb0bf8e546a909ed16,14794972,2022-02-05T10:36:25.000Z,680000000,SINGLE_ASSET
83c0ab67afc9148bd1571b7a14de1df03cd5624f5992d3b8ec84d6fb4164614e696e6a617a38363830,ADA Ninjaz - Aramar #8680,6bb592908b5b3176300f9779427a6f44d5f0f7c3d6df118f7ff6425ba8a0f65c,14796790,2022-02-05T10:13:54.000Z,840000000,SINGLE_ASSET
83c0ab67afc9148bd1571b7a14de1df03cd5624f5992d3b8ec84d6fb4164614e696e6a617a36323839,ADA Ninjaz - Aramar #6289,cf1f1663d1c0417af0c538646f17cee05a627730a16ee6304b6ecd720899fbac,14795497,2022-02-05T09:31:58.000Z,1700000000,SINGLE_ASSET
83c0ab67afc9148bd1571b7a14de1df03cd5624f5992d3b8ec84d6fb4164614e696e6a617a36323333,ADA Ninjaz - Aramar #6233,ff29ee9909706bb3edff7dabc64b6ec4c4b414b0a10478a43b5225c9ec8bc97c,14795472,2022-02-05T05:27:56.000Z,175000000,SINGLE_ASSET
83c0ab67afc9148bd1571b7a14de1df03cd5624f5992d3b8ec84d6fb4164614e696e6a617a36363239,ADA Ninjaz - Aramar #6629,f23a6ec4d74f012ad9fb653c5cd34c965f933aec83bce3105c6ed9bd87035c59,14795658,2022-02-05T05:24:16.000Z,165000000,SINGLE_ASSET
83c0ab67afc9148bd1571b7a14de1df03cd5624f5992d3b8ec84d6fb4164614e696e6a617a35333938,ADA Ninjaz - Aramar #5398,43808ae2be4d2e0fb81b76b5b7424e15a1178e887d783cc36beb4b6cc0c6901b,14794991,2022-02-05T00:41:01.000Z,499000000,SINGLE_ASSET
83c0ab67afc9148bd1571b7a14de1df03cd5624f5992d3b8ec84d6fb4164614e696e6a617a38373638,ADA Ninjaz - Aramar #8768,0a2f48652baf241f3677e80d90899ea1d362320751415a84ce3c0cde5f5b7dad,14796840,2022-02-04T21:59:59.000Z,420000000,SINGLE_ASSET
83c0ab67afc9148bd1571b7a14de1df03cd5624f5992d3b8ec84d6fb4164614e696e6a617a34343132,ADA Ninjaz - Aramar #4412,9bfce5d404d514bd95b6a8f1fee6465da8da73593d97d0e747eb8b73b4028b69,14794507,2022-02-04T16:21:43.000Z,500000000,SINGLE_ASSET
83c0ab67afc9148bd1571b7a14de1df03cd5624f5992d3b8ec84d6fb4164614e696e6a617a37323033,ADA Ninjaz - Aramar #7203,133a6531c10268bc7c8d972bc2607898d9447ac643888b81665b5f972a9f31c8,14796015,2022-02-04T15:20:15.000Z,390000000,SINGLE_ASSET
83c0ab67afc9148bd1571b7a14de1df03cd5624f5992d3b8ec84d6fb4164614e696e6a617a34313237,ADA Ninjaz - Aramar #4127,2520a722c8f15bebad9540116823861a05512673226cb9fc91fc317ac8dfcb48,14794308,2022-02-04T13:45:43.000Z,260000000,SINGLE_ASSET
83c0ab67afc9148bd1571b7a14de1df03cd5624f5992d3b8ec84d6fb4164614e696e6a617a37333833,ADA Ninjaz - Aramar #7383,06887f6105caed7677ab62c163a9348ae159fb7c020f767700b2d5d9a6e25437,14796108,2022-02-04T11:34:24.000Z,1800000000,SINGLE_ASSET
83c0ab67afc9148bd1571b7a14de1df03cd5624f5992d3b8ec84d6fb4164614e696e6a617a33393737,ADA Ninjaz - Aramar #3977,3c9e39de96a79f9e30f4c3acc38860ffe0b12dce4c32c47f3bd41de4f0025dd9,14794249,2022-02-04T10:46:15.000Z,630000000,SINGLE_ASSET
83c0ab67afc9148bd1571b7a14de1df03cd5624f5992d3b8ec84d6fb4164614e696e6a617a38313735,ADA Ninjaz - Aramar #8175,ac5939f20f5530e007161af4f1a609c8b2052caba82d6e46e886f8684a380393,14796512,2022-02-04T10:27:27.000Z,155000000,SINGLE_ASSET
83c0ab67afc9148bd1571b7a14de1df03cd5624f5992d3b8ec84d6fb4164614e696e6a617a31333734,ADA Ninjaz - Aramar #1374,70d38797b04556f8ab7ca62431efe535d05af4a0e8eb46e5c041e69293cd6dca,14792866,2022-02-04T09:32:16.000Z,650000000,SINGLE_ASSET
83c0ab67afc9148bd1571b7a14de1df03cd5624f5992d3b8ec84d6fb4164614e696e6a617a37393439,ADA Ninjaz - Aramar #7949,97511a6535115e758dd8457cb932bb3d055795a4d41d9d52bcf05356790f4856,14796415,2022-02-04T06:04:31.000Z,150000000,SINGLE_ASSET
83c0ab67afc9148bd1571b7a14de1df03cd5624f5992d3b8ec84d6fb4164614e696e6a617a36393531,ADA Ninjaz - Aramar #6951,f53ae158dca28bcbdba1ee23482e0ab193953e957d14aaff0afb5e36def5ebbd,14795864,2022-02-04T02:51:56.000Z,200000000,SINGLE_ASSET
83c0ab67afc9148bd1571b7a14de1df03cd5624f5992d3b8ec84d6fb4164614e696e6a617a38303037,ADA Ninjaz - Aramar #8007,45f6bc5c9c4c2b285b320455502748b9844db501bd4c4962a6fc019b3ee06660,14796429,2022-02-04T01:21:19.000Z,299000000,SINGLE_ASSET
83c0ab67afc9148bd1571b7a14de1df03cd5624f5992d3b8ec84d6fb4164614e696e6a617a35373739,ADA Ninjaz - Aramar #5779,24c7da05857708cb6d35bd718bbb7a3a6ff7426dd0ad829512793c58503762ea,14795198,2022-02-04T00:49:24.000Z,250000000000,SINGLE_ASSET
83c0ab67afc9148bd1571b7a14de1df03cd5624f5992d3b8ec84d6fb4164614e696e6a617a36393831,ADA Ninjaz - Aramar #6981,119f1d3bc739fb9d27b437a34e6ac9b09ec6f4e077c4408b0dc887df5929c37e,14795880,2022-02-03T20:48:02.000Z,150000000,SINGLE_ASSET
83c0ab67afc9148bd1571b7a14de1df03cd5624f5992d3b8ec84d6fb4164614e696e6a617a35343937,ADA Ninjaz - Aramar #5497,64d84ff03620f8a33142ac1655e7670b6fd62a7c6b180832c059774d42857b6b,14795050,2022-02-03T18:33:22.000Z,200000000,SINGLE_ASSET
83c0ab67afc9148bd1571b7a14de1df03cd5624f5992d3b8ec84d6fb4164614e696e6a617a33373335,ADA Ninjaz - Aramar #3735,84713eefd586bf9a4db1416cf2cd048e20387a489674bb94c16b999b76b6c73b,14794123,2022-02-03T14:02:14.000Z,150000000,SINGLE_ASSET
83c0ab67afc9148bd1571b7a14de1df03cd5624f5992d3b8ec84d6fb4164614e696e6a617a36303035,ADA Ninjaz - Aramar #6005,385a476099088870f30f63a2d53f013f64b0f31cecb934d538054387f450a422,14795335,2022-02-02T11:37:17.000Z,1500000000,SINGLE_ASSET
83c0ab67afc9148bd1571b7a14de1df03cd5624f5992d3b8ec84d6fb4164614e696e6a617a35363434,ADA Ninjaz - Aramar #5644,e35da94c409fda36d9168aaad749c1c11ab4a2103f444f42b4067e99268dc85a,14795129,2022-02-02T08:53:00.000Z,299000000,SINGLE_ASSET
83c0ab67afc9148bd1571b7a14de1df03cd5624f5992d3b8ec84d6fb4164614e696e6a617a36393032,ADA Ninjaz - Aramar #6902,73558a18a945a47525c604bce0d97038b2394df925071c8aab802ff862ba282d,14795825,2022-02-02T02:58:43.000Z,2222000000,SINGLE_ASSET
83c0ab67afc9148bd1571b7a14de1df03cd5624f5992d3b8ec84d6fb4164614e696e6a617a36303332,ADA Ninjaz - Aramar #6032,63e0e35765f470f73753fd47f5d87df8b7bbf1f5a71e43b3469f7e05e506ea11,14795349,2022-01-31T10:16:53.000Z,150000000,SINGLE_ASSET
83c0ab67afc9148bd1571b7a14de1df03cd5624f5992d3b8ec84d6fb4164614e696e6a617a30343339,ADA Ninjaz - Aramar #0439,527ed8f5a87488bb0d58f1d87ddaefdcfe83144642c521470595767b4d864979,14792414,2022-01-30T17:26:06.000Z,149000000,SINGLE_ASSET
83c0ab67afc9148bd1571b7a14de1df03cd5624f5992d3b8ec84d6fb4164614e696e6a617a35303832,ADA Ninjaz - Aramar #5082,95a948bd891d9c86c11a98db1566f97095dac91d0c87e39e686a310ce29056b8,14794827,2022-01-30T12:22:55.000Z,300000000,SINGLE_ASSET
83c0ab67afc9148bd1571b7a14de1df03cd5624f5992d3b8ec84d6fb4164614e696e6a617a38323032,ADA Ninjaz - Aramar #8202,a431df04f4dd0cea686e6f63407e1b7b9cfc8c07cb4a901d4df1279e399b2441,14796526,2022-01-30T11:45:42.000Z,160000000,SINGLE_ASSET
83c0ab67afc9148bd1571b7a14de1df03cd5624f5992d3b8ec84d6fb4164614e696e6a617a36373433,ADA Ninjaz - Aramar #6743,a38752ae4466b7c0619eb2736b29c83a80a18f1d330806aa1a8b126389f4f880,14795734,2022-01-30T07:41:34.000Z,250000000,SINGLE_ASSET
83c0ab67afc9148bd1571b7a14de1df03cd5624f5992d3b8ec84d6fb4164614e696e6a617a34323834,ADA Ninjaz - Aramar #4284,1fcb8c4fda2b4770a57489fc17a621a554dcf47a8d3ece56c294e4ac816897c5,14794398,2022-01-30T06:44:08.000Z,500000000,SINGLE_ASSET
83c0ab67afc9148bd1571b7a14de1df03cd5624f5992d3b8ec84d6fb4164614e696e6a617a38343639,ADA Ninjaz - Aramar #8469,e94a3b53fafeea8c0676ed739508010c309cefb55127961ed2c424a147b7e217,14796678,2022-01-30T04:40:27.000Z,350000000,SINGLE_ASSET
83c0ab67afc9148bd1571b7a14de1df03cd5624f5992d3b8ec84d6fb4164614e696e6a617a35343331,ADA Ninjaz - Aramar #5431,1113c939c308fa016b30ea0b62e32eb71cb8b0eee448428c2ecdb38a2592605d,14795014,2022-01-30T04:05:53.000Z,199000000,SINGLE_ASSET
83c0ab67afc9148bd1571b7a14de1df03cd5624f5992d3b8ec84d6fb4164614e696e6a617a31313937,ADA Ninjaz - Aramar #1197,db081851d7294dd94ca3abb2afafd3d4918e6ffb3ded2bb4f085131a872c1ab4,14792782,2022-01-29T13:49:18.000Z,178000000,SINGLE_ASSET
83c0ab67afc9148bd1571b7a14de1df03cd5624f5992d3b8ec84d6fb4164614e696e6a617a34313839,ADA Ninjaz - Aramar #4189,e5ca77194eb5717886a01c5ce4a1ff2102102906910cff89f1a56c2fefb41aee,14794353,2022-01-29T12:53:47.000Z,215000000,SINGLE_ASSET
83c0ab67afc9148bd1571b7a14de1df03cd5624f5992d3b8ec84d6fb4164614e696e6a617a35303039,ADA Ninjaz - Aramar #5009,ad943bd6f8db5987bf79b31137db7bf2b1bbe1d6fb5fcb8d392f5878bb454fa3,14794787,2022-01-29T11:28:13.000Z,245000000,SINGLE_ASSET
83c0ab67afc9148bd1571b7a14de1df03cd5624f5992d3b8ec84d6fb4164614e696e6a617a35373339,ADA Ninjaz - Aramar #5739,563c05c752798b018ca3f977b99654d9ee0492ca31822731656ff2dbe6d85bed,14795163,2022-01-29T02:12:47.000Z,499000000,SINGLE_ASSET
83c0ab67afc9148bd1571b7a14de1df03cd5624f5992d3b8ec84d6fb4164614e696e6a617a34373133,ADA Ninjaz - Aramar #4713,9ad46ecd3d14f5660de1d9cd46a839b87aa0871e7a28f900663d69146e192849,14794648,2022-01-28T21:07:32.000Z,4200000000,SINGLE_ASSET
83c0ab67afc9148bd1571b7a14de1df03cd5624f5992d3b8ec84d6fb4164614e696e6a617a32323539,ADA Ninjaz - Aramar #2259,84accab0fef2e3167e7c8e421505b4edb2b26f65c04692a9aa15db01d79c8c0f,14793353,2022-01-28T20:09:09.000Z,215000000,SINGLE_ASSET
83c0ab67afc9148bd1571b7a14de1df03cd5624f5992d3b8ec84d6fb4164614e696e6a617a36333332,ADA Ninjaz - Aramar #6332,fd8928a61738c17d7042c50d680ef60bbd702d598c28329e6570219d050d3136,14795514,2022-01-28T15:56:40.000Z,190000000,SINGLE_ASSET
83c0ab67afc9148bd1571b7a14de1df03cd5624f5992d3b8ec84d6fb4164614e696e6a617a36363437,ADA Ninjaz - Aramar #6647,132ead884f076933a02af36986ed8b06db2720832f0d22e010af5287ab6d6f01,14795674,2022-01-28T15:38:01.000Z,500000000,SINGLE_ASSET
83c0ab67afc9148bd1571b7a14de1df03cd5624f5992d3b8ec84d6fb4164614e696e6a617a32353839,ADA Ninjaz - Aramar #2589,f12cbdde9bb346b7e70e24ec245d1641991faf6e2a6ae1eabb75b1011496a119,14793529,2022-01-28T07:18:39.000Z,1100000000,SINGLE_ASSET
83c0ab67afc9148bd1571b7a14de1df03cd5624f5992d3b8ec84d6fb4164614e696e6a617a33343431,ADA Ninjaz - Aramar #3441,f90b9318fb36c8ef508b6b51169233716e1284b0755ee5b4a9cc9fcd197bcf0b,14793976,2022-01-28T02:46:31.000Z,340000000,SINGLE_ASSET
83c0ab67afc9148bd1571b7a14de1df03cd5624f5992d3b8ec84d6fb4164614e696e6a617a33393933,ADA Ninjaz - Aramar #3993,08cac5cb5a682cbf891fb0756c030e0466264d2e7184683b59be1340db1816da,14794254,2022-01-27T19:29:01.000Z,219000000,SINGLE_ASSET
83c0ab67afc9148bd1571b7a14de1df03cd5624f5992d3b8ec84d6fb4164614e696e6a617a33373437,ADA Ninjaz - Aramar #3747,832f048fc4d0bc720821648388c260742f0cc93430f08022aad78bbd29251f59,14794127,2022-01-27T17:08:32.000Z,606000000,SINGLE_ASSET
83c0ab67afc9148bd1571b7a14de1df03cd5624f5992d3b8ec84d6fb4164614e696e6a617a35373732,ADA Ninjaz - Aramar #5772,ada33b7c7a048662553b7f7122ffcd346f5fa4956a950a11f9f670b6c05e01cb,14795194,2022-01-27T13:06:34.000Z,175000000,SINGLE_ASSET
83c0ab67afc9148bd1571b7a14de1df03cd5624f5992d3b8ec84d6fb4164614e696e6a617a35383239,ADA Ninjaz - Aramar #5829,9bf13cdfb99af7c8e1570b841fe72e20a52654c28f06b093aa8b7b48f6cebc2c,14795229,2022-01-27T10:09:21.000Z,230000000,SINGLE_ASSET
83c0ab67afc9148bd1571b7a14de1df03cd5624f5992d3b8ec84d6fb4164614e696e6a617a31393837,ADA Ninjaz - Aramar #1987,63c340424d2c0e7146d99190517f1fa0a5226fab4de790f6a7a31762d405b894,14793175,2022-01-27T07:27:51.000Z,200000000,SINGLE_ASSET
83c0ab67afc9148bd1571b7a14de1df03cd5624f5992d3b8ec84d6fb4164614e696e6a617a35323631,ADA Ninjaz - Aramar #5261,d4478b23b8583d5e8b0330c514a00941502e4100047cfd289c8833f75297a9ae,14794918,2022-01-27T04:59:31.000Z,399000000,SINGLE_ASSET
83c0ab67afc9148bd1571b7a14de1df03cd5624f5992d3b8ec84d6fb4164614e696e6a617a32313333,ADA Ninjaz - Aramar #2133,0e29e1a6db5c06cbc254d09f1bb4d6643aa54f953cbed457865311b7dee9badc,14793278,2022-01-27T04:30:49.000Z,175000000,SINGLE_ASSET
83c0ab67afc9148bd1571b7a14de1df03cd5624f5992d3b8ec84d6fb4164614e696e6a617a38303232,ADA Ninjaz - Aramar #8022,0f25296d165e3c21f0991300801b9f4d05238bb06d5e2e62fadffd526b929e7e,14796438,2022-01-26T23:43:11.000Z,400000000,SINGLE_ASSET
83c0ab67afc9148bd1571b7a14de1df03cd5624f5992d3b8ec84d6fb4164614e696e6a617a38323930,ADA Ninjaz - Aramar #8290,e178e3a5136d82bf974394a28839683017e806afec34ec911089b804346a0e7d,14796576,2022-01-26T13:59:37.000Z,177000000,SINGLE_ASSET
83c0ab67afc9148bd1571b7a14de1df03cd5624f5992d3b8ec84d6fb4164614e696e6a617a31303130,ADA Ninjaz - Aramar #1010,d00a75c8d79a5779c8716a2114429dd51d6debcf652f550d3d1ca1b9fb1eb633,14792685,2022-01-26T13:37:42.000Z,170000000,SINGLE_ASSET
83c0ab67afc9148bd1571b7a14de1df03cd5624f5992d3b8ec84d6fb4164614e696e6a617a37313636,ADA Ninjaz - Aramar #7166,20b6090056da9e3c3b8e78db501be90a55452165bcacd3dba17fbf69a5bff71d,14795991,2022-01-26T06:21:56.000Z,150000000,SINGLE_ASSET
83c0ab67afc9148bd1571b7a14de1df03cd5624f5992d3b8ec84d6fb4164614e696e6a617a37303935,ADA Ninjaz - Aramar #7095,1497d5f9eb9e06bc4b97a3e7c67210da38ad7d47f6c76498c160c8335b423f99,14795944,2022-01-26T05:54:15.000Z,275000000,SINGLE_ASSET
83c0ab67afc9148bd1571b7a14de1df03cd5624f5992d3b8ec84d6fb4164614e696e6a617a37333636,ADA Ninjaz - Aramar #7366,5cc9d7d797e5f7c24ff0eed45c3314755be303fa63f84e15d18c948b28258117,14796097,2022-01-25T20:47:22.000Z,300000000,SINGLE_ASSET
83c0ab67afc9148bd1571b7a14de1df03cd5624f5992d3b8ec84d6fb4164614e696e6a617a34333332,ADA Ninjaz - Aramar #4332,4dc9b8230a9a687ed3af8617a8ab9fd647fa461c120c66c2366ed2bfbe768f61,14794449,2022-01-25T20:38:01.000Z,580000000,SINGLE_ASSET
83c0ab67afc9148bd1571b7a14de1df03cd5624f5992d3b8ec84d6fb4164614e696e6a617a32353933,ADA Ninjaz - Aramar #2593,8f67823c294daa37062288e57cce11861b71bc21321190eae3f1b568c714758d,14793534,2022-01-25T19:32:22.000Z,200000000,SINGLE_ASSET
83c0ab67afc9148bd1571b7a14de1df03cd5624f5992d3b8ec84d6fb4164614e696e6a617a30353232,ADA Ninjaz - Aramar #0522,321f995760a9dd1255ce84ca9b81970056687ecb60d16632843a10046acaa2c2,14792441,2022-01-25T16:28:35.000Z,569000000,SINGLE_ASSET
83c0ab67afc9148bd1571b7a14de1df03cd5624f5992d3b8ec84d6fb4164614e696e6a617a33303833,ADA Ninjaz - Aramar #3083,ba8221f11d69a3be1f096c608fa78bcc0b2095e73e1a5681e94af6d1eb170aeb,14793793,2022-01-25T15:55:03.000Z,1988000000,SINGLE_ASSET
83c0ab67afc9148bd1571b7a14de1df03cd5624f5992d3b8ec84d6fb4164614e696e6a617a31343231,ADA Ninjaz - Aramar #1421,2eccf8837192cac3381f09b2e1df33550f902e5812b1daadfefa5bf46de2a41e,14792882,2022-01-25T14:53:36.000Z,289000000,SINGLE_ASSET
83c0ab67afc9148bd1571b7a14de1df03cd5624f5992d3b8ec84d6fb4164614e696e6a617a32323331,ADA Ninjaz - Aramar #2231,d133ef67a0fc307879124eda4b387fbf36623c1462249984e8cef7cff01909d1,14793339,2022-01-25T13:25:58.000Z,455000000,SINGLE_ASSET
83c0ab67afc9148bd1571b7a14de1df03cd5624f5992d3b8ec84d6fb4164614e696e6a617a37363632,ADA Ninjaz - Aramar #7662,021499c1c87ef60a1303986d6dc7d0bc2cdbf4c7728efb769bcf52645f2b67d1,14796262,2022-01-25T02:40:58.000Z,715000000,SINGLE_ASSET
83c0ab67afc9148bd1571b7a14de1df03cd5624f5992d3b8ec84d6fb4164614e696e6a617a36323433,ADA Ninjaz - Aramar #6243,8434a063a4d3ac0e8fa8918b0e8ba608b1a8c1ab21b4ccb87ceb4583807be30f,14795477,2022-01-25T02:25:06.000Z,625000000,SINGLE_ASSET
83c0ab67afc9148bd1571b7a14de1df03cd5624f5992d3b8ec84d6fb4164614e696e6a617a32303033,ADA Ninjaz - Aramar #2003,13b873422d377e091afa56ce701c9260bc68afb76408f9bb28bb79f10b5ad6c4,14793192,2022-01-25T02:04:59.000Z,250000000,SINGLE_ASSET
83c0ab67afc9148bd1571b7a14de1df03cd5624f5992d3b8ec84d6fb4164614e696e6a617a33313138,ADA Ninjaz - Aramar #3118,3756c67d44237810f8a9f81ae60837ac0716d4062747fa816757ef760431ca1f,14793819,2022-01-24T23:40:08.000Z,200000000,SINGLE_ASSET
83c0ab67afc9148bd1571b7a14de1df03cd5624f5992d3b8ec84d6fb4164614e696e6a617a35343732,ADA Ninjaz - Aramar #5472,df0e64abfa3125d5cb4e98b00f6eb02934212571a49e6579ff328d536dec0a4b,14795033,2022-01-24T21:07:53.000Z,599000000,SINGLE_ASSET
83c0ab67afc9148bd1571b7a14de1df03cd5624f5992d3b8ec84d6fb4164614e696e6a617a33303634,ADA Ninjaz - Aramar #3064,36972c60ae0b18fb70abdd633a1cf6d39939008959f549d1b332f5d0309d8221,14793775,2022-01-24T16:49:10.000Z,250000000,SINGLE_ASSET
83c0ab67afc9148bd1571b7a14de1df03cd5624f5992d3b8ec84d6fb4164614e696e6a617a38323334,ADA Ninjaz - Aramar #8234,5bc72431027d5ce6f893997e53a607a10cdb5f82d99e265ed3e33246b64b62a2,14796536,2022-01-24T14:50:08.000Z,170000000,SINGLE_ASSET
83c0ab67afc9148bd1571b7a14de1df03cd5624f5992d3b8ec84d6fb4164614e696e6a617a30353835,ADA Ninjaz - Aramar #0585,0b58aeb5cea4de212fe9e49f495f26adb54789c6cc7bb579255f8c09079b5772,14792469,2022-01-24T13:39:55.000Z,450000000,SINGLE_ASSET
83c0ab67afc9148bd1571b7a14de1df03cd5624f5992d3b8ec84d6fb4164614e696e6a617a36353139,ADA Ninjaz - Aramar #6519,df323d5f0a24ff3f7c7a56ecb5090ba76d24b8365239d7d0bc20e981acba0bc7,14795599,2022-01-24T13:15:16.000Z,950000000,SINGLE_ASSET
83c0ab67afc9148bd1571b7a14de1df03cd5624f5992d3b8ec84d6fb4164614e696e6a617a35393233,ADA Ninjaz - Aramar #5923,f02c66664158d10ab48a58271a1722a0180cbc75df6c31393729a100ddbb8ec9,14795300,2022-01-24T13:05:42.000Z,550000000,SINGLE_ASSET
83c0ab67afc9148bd1571b7a14de1df03cd5624f5992d3b8ec84d6fb4164614e696e6a617a37323938,ADA Ninjaz - Aramar #7298,bc8d044c1dfd422e41eb04b965cd0d7a738d81db8975e43f541dae751d18b819,14796058,2022-01-24T12:55:52.000Z,850000000,SINGLE_ASSET
83c0ab67afc9148bd1571b7a14de1df03cd5624f5992d3b8ec84d6fb4164614e696e6a617a38323031,ADA Ninjaz - Aramar #8201,d699434a2f919c9491bf04774e9d41f34f655dd7b805a1f870269e7389daa07e,14796520,2022-01-24T06:01:21.000Z,6969000000,SINGLE_ASSET
83c0ab67afc9148bd1571b7a14de1df03cd5624f5992d3b8ec84d6fb4164614e696e6a617a38303936,ADA Ninjaz - Aramar #8096,5150502e8933a069c228f01bd476ef461620f42197b899b072a2ca964b3a8ec7,14796485,2022-01-24T05:29:53.000Z,11980000000,SINGLE_ASSET
83c0ab67afc9148bd1571b7a14de1df03cd5624f5992d3b8ec84d6fb4164614e696e6a617a35373636,ADA Ninjaz - Aramar #5766,b919380f4e027f8a312413c012a77b52677a83e8c9ef7593ba1a9cb670389a03,14795188,2022-01-24T01:32:57.000Z,199000000,SINGLE_ASSET
83c0ab67afc9148bd1571b7a14de1df03cd5624f5992d3b8ec84d6fb4164614e696e6a617a36373338,ADA Ninjaz - Aramar #6738,2d7be98a8a9056f8d40a72af00c81ac98deb89e9606b7143d4485c64bf3cb354,14795728,2022-01-23T20:54:56.000Z,250000000,SINGLE_ASSET
83c0ab67afc9148bd1571b7a14de1df03cd5624f5992d3b8ec84d6fb4164614e696e6a617a32373434,ADA Ninjaz - Aramar #2744,562a97ad862364b9a633606b274d2103f0c30d96a4da8ce8a46ba2840f2058c0,14793616,2022-01-23T19:23:37.000Z,250000000,SINGLE_ASSET
83c0ab67afc9148bd1571b7a14de1df03cd5624f5992d3b8ec84d6fb4164614e696e6a617a34343237,ADA Ninjaz - Aramar #4427,a3d13a044646a71c519358c833da4379adbb9ff862cee32329cce5e2aa35dfb0,14794517,2022-01-23T16:47:21.000Z,4444000000,SINGLE_ASSET
83c0ab67afc9148bd1571b7a14de1df03cd5624f5992d3b8ec84d6fb4164614e696e6a617a38303930,ADA Ninjaz - Aramar #8090,861a2cbbf6fcfe49551064d5176a999e91e64935249dea7ee9889267dad540b5,14796482,2022-01-23T14:31:55.000Z,350000000,SINGLE_ASSET
83c0ab67afc9148bd1571b7a14de1df03cd5624f5992d3b8ec84d6fb4164614e696e6a617a34313830,ADA Ninjaz - Aramar #4180,71919ce3a0eb12afc7126d62df138c98eb569add6a10318432a6c482b3e2369e,14794342,2022-01-23T14:11:34.000Z,325000000,SINGLE_ASSET
83c0ab67afc9148bd1571b7a14de1df03cd5624f5992d3b8ec84d6fb4164614e696e6a617a33373237,ADA Ninjaz - Aramar #3727,4899c38cb6e862e1fc68c3d5a8764971375d9d3da6db657d11eb18d3ca6a15dd,14794121,2022-01-23T13:43:14.000Z,199000000,SINGLE_ASSET
83c0ab67afc9148bd1571b7a14de1df03cd5624f5992d3b8ec84d6fb4164614e696e6a617a33383930,ADA Ninjaz - Aramar #3890,3b4ef82addeaaf26d0cbf122b04159b989fdbf1625f917df839d41bfe510bfc8,14794205,2022-01-23T13:26:57.000Z,500000000,SINGLE_ASSET
83c0ab67afc9148bd1571b7a14de1df03cd5624f5992d3b8ec84d6fb4164614e696e6a617a30393138,ADA Ninjaz - Aramar #0918,77897708ebf2da6a3dc59820838cd070537f25e32aefcd9779bfc51299b68011,14792648,2022-01-23T11:50:47.000Z,299000000,SINGLE_ASSET
83c0ab67afc9148bd1571b7a14de1df03cd5624f5992d3b8ec84d6fb4164614e696e6a617a36373237,ADA Ninjaz - Aramar #6727,f8db4f05e36e2cfcf5225a12d495cf74bc4af2830e94ec7a11702a2fc064e85b,14795719,2022-01-23T11:44:40.000Z,222000000,SINGLE_ASSET
83c0ab67afc9148bd1571b7a14de1df03cd5624f5992d3b8ec84d6fb4164614e696e6a617a35373931,ADA Ninjaz - Aramar #5791,5efddeed795720f11abe29438bb946a37954364c3524db35d28c1a94bec11b61,14795205,2022-01-23T11:17:05.000Z,300000000,SINGLE_ASSET
83c0ab67afc9148bd1571b7a14de1df03cd5624f5992d3b8ec84d6fb4164614e696e6a617a35383635,ADA Ninjaz - Aramar #5865,385cf11ce9dad0c9dbbb5ed91025680caae0273aa6133f3d7a13263d203af0d2,14795260,2022-01-23T10:31:38.000Z,400000000,SINGLE_ASSET
83c0ab67afc9148bd1571b7a14de1df03cd5624f5992d3b8ec84d6fb4164614e696e6a617a30383937,ADA Ninjaz - Aramar #0897,a489f0370b4135541573761eb7ada234ff8a19bf6e6f00e50fd11cae2b79359e,14792636,2022-01-23T09:50:37.000Z,500000000,SINGLE_ASSET
83c0ab67afc9148bd1571b7a14de1df03cd5624f5992d3b8ec84d6fb4164614e696e6a617a34343231,ADA Ninjaz - Aramar #4421,2821592ff0148685055ba704e835907be4416f92da6cfc7589de0e2c8b1f313b,14794513,2022-01-23T09:15:13.000Z,247000000,SINGLE_ASSET
83c0ab67afc9148bd1571b7a14de1df03cd5624f5992d3b8ec84d6fb4164614e696e6a617a34393434,ADA Ninjaz - Aramar #4944,d54e0b22a7f112d152341a75f5838546ab21b9ddd75847c44f5ee44caf0b2d35,14794761,2022-01-23T06:07:21.000Z,388000000,SINGLE_ASSET
83c0ab67afc9148bd1571b7a14de1df03cd5624f5992d3b8ec84d6fb4164614e696e6a617a34303031,ADA Ninjaz - Aramar #4001,3c9950d34e3d4499b793b63c3e4904b9af89640662d9b5af0c8e22c040791ec7,14794259,2022-01-23T04:26:00.000Z,1500000000,SINGLE_ASSET
83c0ab67afc9148bd1571b7a14de1df03cd5624f5992d3b8ec84d6fb4164614e696e6a617a34313633,ADA Ninjaz - Aramar #4163,e0225112315fbbcf376ed95752329526a612d086cb0ea61aa084543cd713ab57,14794333,2022-01-23T02:51:46.000Z,345000000,SINGLE_ASSET
83c0ab67afc9148bd1571b7a14de1df03cd5624f5992d3b8ec84d6fb4164614e696e6a617a34383739,ADA Ninjaz - Aramar #4879,1b7d42ed9f1b26d4258468a1c4182b5badb22b8802b343f5ded84e884072d579,14794737,2022-01-22T13:36:20.000Z,165000000,SINGLE_ASSET
83c0ab67afc9148bd1571b7a14de1df03cd5624f5992d3b8ec84d6fb4164614e696e6a617a35343536,ADA Ninjaz - Aramar #5456,08cd4d7873fa6ffee6434fc5b584f55ab8a344524e10ecb34df2cd394c0e1aaa,14795027,2022-01-22T09:56:42.000Z,350000000,SINGLE_ASSET
83c0ab67afc9148bd1571b7a14de1df03cd5624f5992d3b8ec84d6fb4164614e696e6a617a30393635,ADA Ninjaz - Aramar #0965,7e12bef99c19c13999916fc854b57ba3398510473ce6c567a413a32cb193c152,14792671,2022-01-21T21:12:20.000Z,250000000,SINGLE_ASSET
83c0ab67afc9148bd1571b7a14de1df03cd5624f5992d3b8ec84d6fb4164614e696e6a617a36303931,ADA Ninjaz - Aramar #6091,25b6a3e2e9054fd06737e77babd57f222c65f29cbcbfda6cb8561a44b928b36d,14795386,2022-01-21T17:10:58.000Z,256000000,SINGLE_ASSET
83c0ab67afc9148bd1571b7a14de1df03cd5624f5992d3b8ec84d6fb4164614e696e6a617a36303933,ADA Ninjaz - Aramar #6093,9dd5316daf7d222c9ddb7d75f4b89083bd7648a2e7d9d5efbbde73e526e16f56,14795390,2022-01-21T15:59:19.000Z,300000000,SINGLE_ASSET
83c0ab67afc9148bd1571b7a14de1df03cd5624f5992d3b8ec84d6fb4164614e696e6a617a37373935,ADA Ninjaz - Aramar #7795,b465b6c8508ebeff4715e8492bce8a2c19ee682cc9268016a2447c0767da56bb,14796334,2022-01-21T09:44:39.000Z,350000000,SINGLE_ASSET
83c0ab67afc9148bd1571b7a14de1df03cd5624f5992d3b8ec84d6fb4164614e696e6a617a35393339,ADA Ninjaz - Aramar #5939,55c8443faf6edcc61d26b29c8c5ad37ba6771075c3a0b158774ead20029ca41d,14795308,2022-01-21T08:43:14.000Z,420000000,SINGLE_ASSET
83c0ab67afc9148bd1571b7a14de1df03cd5624f5992d3b8ec84d6fb4164614e696e6a617a32373134,ADA Ninjaz - Aramar #2714,39aa68a9dd1bcaaf374d95b6c4240a4168d4ae850fdcd3f25b0e0a708aee5610,14793608,2022-01-14T16:22:30.000Z,19000000000,SINGLE_ASSET
83c0ab67afc9148bd1571b7a14de1df03cd5624f5992d3b8ec84d6fb4164614e696e6a617a36383337,ADA Ninjaz - Aramar #6837,68a3471d7db285ea305e59340f3b30f84e6534f98f62cbd4a939ec61486f1b3e,14795786,2022-01-07T21:10:49.000Z,3000000000,SINGLE_ASSET
83c0ab67afc9148bd1571b7a14de1df03cd5624f5992d3b8ec84d6fb4164614e696e6a617a31323735,ADA Ninjaz - Aramar #1275,901ae646a682a9bf5bf5301d2543883727e423a74ebf0f5c6093945925cf6369,14792811,2022-01-07T21:09:53.000Z,2000000000,SINGLE_ASSET
83c0ab67afc9148bd1571b7a14de1df03cd5624f5992d3b8ec84d6fb4164614e696e6a617a31373231,ADA Ninjaz - Aramar #1721,eb217d8441ef498faf2845ba4fb4d8dc006cf16e6b599a9ac46553d2c10c1c6e,14793052,2022-01-05T01:51:13.000Z,9000000000,SINGLE_ASSET
83c0ab67afc9148bd1571b7a14de1df03cd5624f5992d3b8ec84d6fb4164614e696e6a617a32383537,ADA Ninjaz - Aramar #2857,c4b5673dfc35c090c83307d2e19ff416aa8af172414a9bd67472ff3fb7af4b6a,14793672,2021-11-26T22:20:11.000Z,1100000000,SINGLE_ASSET
